"","76","江氏小六壬的特点与起源","1277","江氏小六壬的特点与起源"
"1","77","江氏小六壬教程1：小六壬起源和江氏小六壬特点","2750","小六壬起源和江氏小六壬特点"
"2","78","江氏小六壬教程2：学小六壬要有什么基础，看什么书好","2935","学小六壬要有什么基础，看什么书好"
"","79","官方江氏小六壬在线排盘系统上线了","2002","官方江氏小六壬在线排盘系统上线了"
"","80","江阳君：10号免费紫微斗数培训公开课的总结","2747","10号免费紫微斗数培训公开课的总结"
"3","81","江氏小六壬教程3：五行相生相克等含义基础知识详解","2922","五行相生相克等含义基础知识详解"
"","82","江春义江氏小六壬官方教程电子书正式发布","1281","江春义江氏小六壬官方教程电子书正式发布"
"","83","关于江氏小六壬传人江春义只有江阳君一个儿子的声明","1615","关于江氏小六壬传人江春义只有江阳君一个儿子的声明"
"4","84","江氏小六壬教程4：十二地支含义属性等基础知识详解","4275","十二地支含义属性等基础知识详解"
"5","85","江氏小六壬教程5：基础知识之十二地支刑冲合害详解","2916","基础知识之十二地支刑冲合害详解"
"6","86","江氏小六壬教程6：五行十二地支象意类象应用详解","3245","五行十二地支象意类象应用详解"
"7","87","江氏小六壬教程7：快速记忆八卦方位等含义的方法","3690","快速记忆八卦方位等含义的方法"
"8","88","江氏小六壬教程8：六亲六神五星六宫属性应用等基础知识","3016","六亲六神五星六宫属性应用等基础知识"
"9","89","江氏小六壬教程9：小六壬起课起卦装卦方法大全","3011","小六壬起课起卦装卦方法大全"
"10","90","江氏小六壬教程10：江氏小六壬装地支的正确排法","2075","江氏小六壬装地支的正确排法"
"11","91","江氏小六壬教程11：江氏小六壬装六亲的正确排法","2010","江氏小六壬装六亲的正确排法"
"12","92","江氏小六壬教程12：六亲名称及相生相克关系记忆要点","2657","六亲名称及相生相克关系记忆要点"
"13","93","江氏小六壬教程13：快速理解小六壬中六亲的含义","2398","快速理解小六壬中六亲的含义"
"14","94","江氏小六壬教程14：江氏小六壬装六神的正确排法","2438","江氏小六壬装六神的正确排法"
"15","95","江氏小六壬教程15：江氏小六壬装五星的正确排法","2303","江氏小六壬装五星的正确排法"
"16","96","江氏小六壬教程16：详解大安属性及什么意思怎么用","3156","详解大安属性及什么意思怎么用"
"17","97","江氏小六壬教程17：精解留连属性及什么意思怎么用","3066","精解留连属性及什么意思怎么用"
"18","98","江氏小六壬教程18：详解速喜属性及什么意思怎么用","3107","详解速喜属性及什么意思怎么用"
"19","99","江氏小六壬教程19：精解赤口属性及什么意思怎么用","3029","精解赤口属性及什么意思怎么用"
"20","100","江氏小六壬教程20：详解小吉属性及什么意思怎么用","3100","详解小吉属性及什么意思怎么用"
"21","101","江氏小六壬教程21：精解空亡属性及什么意思怎么用","3084","精解空亡属性及什么意思怎么用"
"22","102","江氏小六壬教程22：精解青龙象意属性及什么意思","2682","精解青龙象意属性及什么意思"
"23","103","江氏小六壬教程23：详解朱雀象意属性及什么意思","2664","详解朱雀象意属性及什么意思"
"24","104","江氏小六壬教程24：精解勾陈象意属性及什么意思","2849","精解勾陈象意属性及什么意思"
"25","105","江氏小六壬教程25：精解白虎象意属性及什么意思","2771","精解白虎象意属性及什么意思"
"26","106","江氏小六壬教程26：详解玄武象意属性及什么意思","2776","详解玄武象意属性及什么意思"
"27","107","江氏小六壬教程27：详解腾蛇象意属性及什么意思","2802","详解腾蛇象意属性及什么意思"
"28","108","江氏小六壬教程28：断事解卦步骤思路及怎么取用神","2755","断事解卦步骤思路及怎么取用神"
"29","109","江氏小六壬教程29：小六壬六神临六宫所主详细解释上","1963","小六壬六神临六宫所主详细解释上"
"30","110","江氏小六壬教程30：小六壬六神临六宫所主详细解释下","2115","小六壬六神临六宫所主详细解释下"
"31","111","江氏小六壬教程31：小六壬六神临六亲所主详细解释上","2379","小六壬六神临六亲所主详细解释上"
"32","112","江氏小六壬教程32：小六壬六神临六亲所主详细解释下","2499","小六壬六神临六亲所主详细解释下"
"33","113","江氏小六壬教程33：小六壬六亲临六宫所主详细解释上","2268","小六壬六亲临六宫所主详细解释上"
"34","114","江氏小六壬教程34：小六壬六亲临六宫所主详细解释下","2256","小六壬六亲临六宫所主详细解释下"
"35","115","江氏小六壬教程35：小六壬五星临六亲所主详细解释上","2256","小六壬五星临六亲所主详细解释上"
"36","116","江氏小六壬教程36：小六壬五星临六亲所主详细解释下","2344","小六壬五星临六亲所主详细解释下"
"37","117","江氏小六壬教程37：小六壬怎么转太极，转太极用法详解上","2206","小六壬怎么转太极，转太极用法详解上"
"38","118","江氏小六壬教程38：小六壬怎么转太极，转太极用法详解中","2189","小六壬怎么转太极，转太极用法详解中"
"39","119","江氏小六壬教程39：小六壬怎么转太极，转太极用法详解下","2151","小六壬怎么转太极，转太极用法详解下"
"40","120","江氏小六壬教程40：小六壬断婚姻感情方法详解及实例上","2337","小六壬断婚姻感情方法详解及实例上"
"41","121","江氏小六壬教程41：小六壬断婚姻感情方法详解及实例下","2224","小六壬断婚姻感情方法详解及实例下"
"42","122","江氏小六壬教程42：小六壬断财运交易方法详解及实例上","2307","小六壬断财运交易方法详解及实例上"
"43","123","江氏小六壬教程43：小六壬断财运交易方法详解及实例下","2238","小六壬断财运交易方法详解及实例下"
"44","124","江氏小六壬教程44：小六壬断工作事业方法详解及实例上","2347","小六壬断工作事业方法详解及实例上"
"45","125","江氏小六壬教程45：小六壬断工作事业方法详解及实例下","2146","小六壬断工作事业方法详解及实例下"
"46","126","江氏小六壬教程46：小六壬断学业考试方法详解及实例上","2402","小六壬断学业考试方法详解及实例上"
"47","127","江氏小六壬教程47：小六壬断学业考试方法详解及实例下","2381","小六壬断学业考试方法详解及实例下"
"48","128","江氏小六壬教程48：小六壬断合作的方法详解及实例上","2464","小六壬断合作的方法详解及实例上"
"49","129","江氏小六壬教程49：小六壬断合作的方法详解及实例下","2460","小六壬断合作的方法详解及实例下"
"50","130","江氏小六壬教程50：小六壬断升职晋升方法详解及实例上","2473","小六壬断升职晋升方法详解及实例上"
"51","131","江氏小六壬教程51：小六壬断升职晋升方法详解及实例下","2508","小六壬断升职晋升方法详解及实例下"
"52","132","江氏小六壬教程52：小六壬断讨债要钱方法详解及实例上","2446","小六壬断讨债要钱方法详解及实例上"
"53","133","江氏小六壬教程53：小六壬断讨债要钱方法详解及实例下","2461","小六壬断讨债要钱方法详解及实例下"
"54","134","江氏小六壬教程54：小六壬断借钱贷款方法详解及实例上","2486","小六壬断借钱贷款方法详解及实例上"
"55","135","江氏小六壬教程55：小六壬断借钱贷款方法详解及实例下","2462","小六壬断借钱贷款方法详解及实例下"
"56","136","江氏小六壬教程56：小六壬断学车考驾照方法详解及实例上","2487","小六壬断学车考驾照方法详解及实例上"
"57","137","江氏小六壬教程57：小六壬断学车考驾照方法详解及实例下","2520","小六壬断学车考驾照方法详解及实例下"
"58","138","江氏小六壬教程58：小六壬断打王者输赢方法详解及实例上","2498","小六壬断打王者输赢方法详解及实例上"
"59","139","江氏小六壬教程59：小六壬断打王者输赢方法详解及实例下","2512","小六壬断打王者输赢方法详解及实例下"
"60","140","江氏小六壬教程60：小六壬断偏财之能中吗","2454","小六壬断偏财之能中吗"
"61","141","江氏小六壬教程61：小六壬断宠物猫是否怀孕的方法及实例","2388","小六壬断宠物猫是否怀孕的方法及实例"
"62","142","江氏小六壬教程62：小六壬断电脑丢了找电脑的方法及实例","2399","小六壬断电脑丢了找电脑的方法及实例"
"63","143","江氏小六壬教程63：小六壬断飞机会不会晚点延迟起飞的方法及实例","2332","小六壬断飞机会不会晚点延迟起飞的方法及实例"
"64","144","江氏小六壬教程64：小六壬断找空自习教室的方法及实例","2106","小六壬断找空自习教室的方法及实例"
"65","145","江氏小六壬教程65：小六壬断领导在不在办公室的方法及实例","2239","小六壬断领导在不在办公室的方法及实例"
"66","146","江氏小六壬教程66：小六壬断免费意向体验客户能销售成交吗","2173","小六壬断免费意向体验客户能销售成交吗"
"67","147","江氏小六壬教程67：小六壬断投资的项目是不是骗局","2242","小六壬断投资的项目是不是骗局"
"68","148","江氏小六壬教程68：小六壬断车主汽车年检验车能不能通过","2200","小六壬断车主汽车年检验车能不能通过"
"69","149","江氏小六壬教程69：小六壬断汽车能以心仪的价格卖出去吗","2220","小六壬断汽车能以心仪的价格卖出去吗"
"70","150","江氏小六壬教程70：小六壬断会不会赶不上高铁错过车次","2152","小六壬断会不会赶不上高铁错过车次"
"71","151","江氏小六壬教程71：小六壬断姻缘之男生要女生的微信能要到吗","2166","小六壬断姻缘之男生要女生的微信能要到吗"
"72","152","江氏小六壬教程72：小六壬断店铺被查，会不会被罚款很多钱","2160","小六壬断店铺被查，会不会被罚款很多钱"
"73","153","江氏小六壬教程73：小六壬断在村干部竞选中能不能当选上村长","2124","小六壬断在村干部竞选中能不能当选上村长"
"74","154","江氏小六壬教程74：小六壬断交易之闲鱼买家靠谱吗，会不会有问题","2190","小六壬断交易之闲鱼买家靠谱吗，会不会有问题"
"75","155","江氏小六壬教程75：小六壬断明天生意财运如何，会比今天好吗","2106","小六壬断明天生意财运如何，会比今天好吗"
"76","156","江氏小六壬教程76：小六壬断偏财之妈酱情况","2011","小六壬断偏财之妈酱情况"
"77","157","江氏小六壬教程77：小六壬断感情之会和男朋友分手吗","2067","小六壬断感情之会和男朋友分手吗"
"78","158","江氏小六壬教程78：小六壬断房东会同意降低房子租金吗","2132","小六壬断房东会同意降低房子租金吗"
"79","159","江氏小六壬教程79：小六壬断工作之被外地工作能否调动回来","2136","小六壬断工作之被外地工作能否调动回来"
"","160","免费新书：一秒学八字（又名八字之门）第二版正式发布","1203","一秒学八字（又名八字之门）第二版正式发布"
"80","161","江氏小六壬教程80：小六壬断领导能批准自己的请假申请吗","2102","小六壬断领导能批准自己的请假申请吗"
"81","162","江氏小六壬教程81：小六壬断这个店铺财运如何能赚钱吗","2142","小六壬断这个店铺财运如何能赚钱吗"
"82","163","江氏小六壬教程82：小六壬断交易之和闲鱼买家交易顺利吗","2100","小六壬断交易之和闲鱼买家交易顺利吗"
"83","164","江氏小六壬教程83：小六壬断工作之和董事长见面谈话情况如何","2309","小六壬断工作之和董事长见面谈话情况如何"
"84","165","江氏小六壬教程84：小六壬断交易之客户会不会不付货款","2312","小六壬断交易之客户会不会不付货款"
"85","166","江氏小六壬教程85：小六壬断和朋友聚会见面情况如何","2220","小六壬断和朋友聚会见面情况如何"
"","167","官方江氏小六壬在线排盘系统上线了","1284","官方江氏小六壬在线排盘系统上线了"
"86","168","江氏小六壬教程86：小六壬断换工作跳槽能否顺利成功","2107","小六壬断换工作跳槽能否顺利成功"
"","169","江氏小六壬官方排盘系统使用说明","1281","江氏小六壬官方排盘系统使用说明"
"87","170","江氏小六壬教程87：小六壬断讨债之这笔欠款能否要回来","2124","小六壬断讨债之这笔欠款能否要回来"
"","171","江氏小六壬官方手机APP排盘系统2.0上线了","1283","江氏小六壬官方手机APP排盘系统2.0上线了"
"88","172","江氏小六壬教程88：小六壬测财运之进这批货能否赚钱","2154","小六壬测财运之进这批货能否赚钱"
"89","173","江氏小六壬教程89：小六壬断投资电动摇摇椅项目能否赚钱","2253","小六壬断投资电动摇摇椅项目能否赚钱"
"90","174","江氏小六壬教程90：小六壬测财运之服装项目能否赚钱","2213","小六壬测财运之服装项目能否赚钱"
"91","175","江氏小六壬教程91：小六壬断不走闲鱼验货宝买家会同意吗","2223","小六壬断不走闲鱼验货宝买家会同意吗"
"92","176","江氏小六壬教程92：小六壬断与邻居的建房纠纷能解决吗","2207","小六壬断与邻居的建房纠纷能解决吗"
"93","177","江氏小六壬教程93：小六壬测感情之男朋友今晚会联系我吗","2127","小六壬测感情之男朋友今晚会联系我吗"
"94","178","江氏小六壬教程94：小六壬测健康之妈妈今年身体情况","2150","小六壬测健康之妈妈今年身体情况"
"95","179","江氏小六壬教程95：小六壬断能否约到朋友吃饭","2114","小六壬断能否约到朋友吃饭"
"96","180","江氏小六壬教程96：小六壬断事业之做自有品牌是否可行","2157","小六壬断事业之做自有品牌是否可行"
"97","181","江氏小六壬教程97：小六壬测技能考试能不能获奖","2232","小六壬测技能考试能不能获奖"
"98","182","江氏小六壬教程98：小六壬测财运之投资母婴项目能否赚钱","2228","小六壬测财运之投资母婴项目能否赚钱"
"99","183","江氏小六壬教程99：小六壬测婚姻之能与前妻分到财产吗","2275","小六壬测婚姻之能与前妻分到财产吗"
"100","184","江氏小六壬教程100：小六壬测财运之知识付费项目能赚到钱吗","2301","小六壬测财运之知识付费项目能赚到钱吗"
"101","185","江氏小六壬教程101：小六壬测交易之家具能转卖给下个租户吗","2289","小六壬测交易之家具能转卖给下个租户吗"
"102","186","江氏小六壬教程102：小六壬断创业之投资豆腐项目能赚钱吗","2223","小六壬断创业之投资豆腐项目能赚钱吗"
"103","187","江氏小六壬教程103：小六壬测财运之参加美博会财运如何","2373","小六壬测财运之参加美博会财运如何"
"104","188","江氏小六壬教程104：小六壬测讨债之这笔钱能要回来吗","2157","小六壬测讨债之这笔钱能要回来吗"
"105","189","江氏小六壬教程105：测事业之经营财税项目能赚到钱吗","2224","测事业之经营财税项目能赚到钱吗"
"","190","公告：江氏小六壬在线排盘系统新增一级官方域名","1249","江氏小六壬在线排盘系统新增一级官方域名"
"106","191","江氏小六壬教程106：小六壬测怀孕之妈妈朋友有没有怀孕","2182","小六壬测怀孕之妈妈朋友有没有怀孕"
"107","192","江氏小六壬教程107：小六壬断当天催债业绩如何","2142","小六壬断当天催债业绩如何"
"108","193","江氏小六壬教程108：小六壬断今天房子能租出去吗","2115","小六壬断今天房子能租出去吗"
"109","194","江氏小六壬教程109：断学校会继续安排我做班主任吗","2175","断学校会继续安排我做班主任吗"
"110","195","江氏小六壬教程110：小六壬断疾病之外婆的病能挺过去吗","2108","小六壬断疾病之外婆的病能挺过去吗"
"111","196","江氏小六壬教程111：小六壬断官非之会判刑还是只罚款","2110","小六壬断官非之会判刑还是只罚款"
"112","197","江氏小六壬教程112：断领导下午会不会来公司","2097","断领导下午会不会来公司"
"113","198","江氏小六壬教程113：断出行之孩子病了，能顺利出行吗？","2117","断出行之孩子病了，能顺利出行吗？"
"114","199","江氏小六壬教程114：断能顺利找到汽车充电桩吗","2143","断能顺利找到汽车充电桩吗"
"115","200","江氏小六壬教程115：断买卖之闲鱼交易手机能顺利吗","2130","断买卖之闲鱼交易手机能顺利吗"
"116","201","江氏小六壬教程116：目的地有没有免费停车位","2119","目的地有没有免费停车位"
"117","202","江氏小六壬教程117：断大客户能签单成交吗","2098","断大客户能签单成交吗"
"118","203","江氏小六壬教程118：老板会不会拖欠工资延迟发","2114","老板会不会拖欠工资延迟发"
"119","204","江氏小六壬教程119：下课后能否顺利和朋友爬山","2246","下课后能否顺利和朋友爬山"
"120","205","江氏小六壬教程120：小六壬测飞机换座能否成功","2305","小六壬测飞机换座能否成功"