"序号","资料名称","网盘","链接"
"1","道家小六壬全集内容（理论基础）","夸克","https://pan.quark.cn/s/6fbe84d6b7fc"
"2","掐指神通及小六壬","夸克","https://pan.quark.cn/s/45350dad2e09"
"3","掐指小六壬占卜术讲义","夸克","https://pan.quark.cn/s/b517edc91861"
"4","手抄小六壬","夸克","https://pan.quark.cn/s/88bb4a318a6a"
"5","小六壬法 (易友编)","夸克","https://pan.quark.cn/s/b46df76b407a"
"6","小六壬分类占方法","夸克","https://pan.quark.cn/s/6ef26e370108"
"7","小六壬分类占简易入门及案例","夸克","https://pan.quark.cn/s/6ae5192eef52"
"8","小六壬预测法上卷：基础篇","夸克","https://pan.quark.cn/s/bbc36c73c0ac"
"9","小六壬之射覆篇","夸克","https://pan.quark.cn/s/bd3d467d61e1"
"10","道传小六壬 - 卜法卷","夸克","https://pan.quark.cn/s/ed2570708cf1"
"11","道传小六壬 - 香法卷","夸克","https://pan.quark.cn/s/3e2c9ada5c88"
"12","道传小六壬 - 癔法卷","夸克","https://pan.quark.cn/s/fc3d3ed207ac"
"13","道传小六壬 - 择法卷","夸克","https://pan.quark.cn/s/4e18727cfffc"
"14","道传小六壬","夸克","https://pan.quark.cn/s/3c82b14a043a"
"15","道传小六壬 PDF 重排版","夸克","https://pan.quark.cn/s/2daba54db221"
"16","邵一尘《道传小六壬完整版》","夸克","https://pan.quark.cn/s/83c31b98c15c"
"17","天行健小六壬资料","百度","https://pan.baidu.com/s/1jS2Wt7eWJdduPVfitMA3fw?pwd=v9c4"
"18","道家小六壬神通之 开篇","百度","https://pan.baidu.com/s/1g63kxXpGFaD0t3Ex2Mh3VQ?pwd=8e4e"
"19","道家小六壬神通之 六神基本定义","百度","https://pan.baidu.com/s/1AVOytimWBdAEju6d2tuGkA?pwd=337p"
"20","九星旺衰及生克合化","百度","https://pan.baidu.com/s/1vYUhUwbgBo4ughJYWpDjJw?pwd=18ce"
"21","奇门小六壬","百度","https://pan.baidu.com/s/1vipAiWxBx52HF1BRFDollQ?pwd=e6pq"
"22","小六壬之法目录","百度","https://pan.baidu.com/s/1jymzWAS0vRZvCssjdIpxhg?pwd=a9gf"
"23","小六壬卜法简介","百度","https://pan.baidu.com/s/1NRjEaSTVigLMEz5ZQrmRFg?pwd=4w5j"
"24","小六壬实例（测婚期）2012.05.18","百度","https://pan.baidu.com/s/1Cbcyq8bvz_KCZzKtulBAdA?pwd=91n5"
"25","小六壬密不外传的另一部分口诀","百度","https://pan.baidu.com/s/1kIzOpo3H4QC6ZCERGHmY-A?pwd=b7nm"
"26","小六壬寻物实例","百度","https://pan.baidu.com/s/140fCzYzhRnMkE3jmvO8PRQ?pwd=hrui"
"27","小六壬日加时断","百度","https://pan.baidu.com/s/1NnoAyjFINTSwFsud2u81iw?pwd=asw5"
"28","小六壬的吉凶判断法","百度","https://pan.baidu.com/s/1xqszjKRfEhcnZEmQNw3FBg?pwd=y4vw"
"29","小六壬穿梅易实例","百度","https://pan.baidu.com/s/1VqSGsBzcj6n8pp7Zr2QwFg?pwd=zsif"
"30","小六壬课例分解","百度","https://pan.baidu.com/s/1XVUHZifGw0S4qrwr6KD5lw?pwd=kg32"
"31","小六壬迷断大全","百度","https://pan.baidu.com/s/1lVpgGdHVkjsF40ykzReRwA?pwd=9qpd"
"32","小六壬预测法","百度","https://pan.baidu.com/s/1V9M7P-l_NPyD_9lcMW-T4g?pwd=xv2g"
"33","小六壬预测研究","百度","https://pan.baidu.com/s/1maUsOliNUmlU4rUq5qn3WQ?pwd=ba3f"
"34","道家小六壬神通之 12 宫","百度","https://pan.baidu.com/s/1HnOzm0y6wwaUNHEmRXw2fw?pwd=befa"
"35","道家小六壬神通之 六神与六道关系","百度","https://pan.baidu.com/s/19Ns4XWhRL9ghP3AGvXwgIw?pwd=6sbq"
"36","道家小六壬神通之 干支特性","百度","https://pan.baidu.com/s/1PPvxWy2YGzeTBfYQW82Fuw?pwd=kn8i"
"37","道家小六壬神通之 数字特性","百度","https://pan.baidu.com/s/1g0o3vlO7UIjc0bosEv90Eg?pwd=tt2n"
"38","邵一尘老师分享小六壬起三数涵义 2011-12-18","百度","https://pan.baidu.com/s/1ApsIPM0OFxC2p-9Oil_KUg?pwd=urwn"
"39","马前课双留连","百度","https://pan.baidu.com/s/1OMB5RZg0wsL22TIZJi4MWg?pwd=yfnd"
"40","秘传李淳风案例 1","百度","https://pan.baidu.com/s/18D84IP4ii4Y7x1X6VBveQw?pwd=3r5v"
"41","秘传李淳风案例 2","百度","https://pan.baidu.com/s/1QBCfQPUlJwrmaFcuW1Kgeg?pwd=7iup"
"42","北辰小六壬","百度","https://pan.baidu.com/s/1hNyqW8UHk_x4bbFvMYcrEw?pwd=shxq"
"43","道传小六壬","百度","https://pan.baidu.com/s/1wB3bRDhhXyWy67kX2Uwkqg?pwd=dxga"
"44","邵一尘老师讲孕生男女","百度","https://pan.baidu.com/s/1hNE4qoubNyJ2kPbfyFRjqQ?pwd=rw9j"
"45","道传小六壬【珍藏版】","百度","https://pan.baidu.com/s/15zj3MUPNV92t4UlVWDVwCA?pwd=s1f2"
"46","道传小六壬取象篇","百度","https://pan.baidu.com/s/1OxsqZlfz63VN-mDw30TmMg?pwd=8pu3"
"47","三宫神断小六壬","百度","https://pan.baidu.com/s/1BBtDAYBPSvBEig8uqooE5Q?pwd=fg5h"
"48","江春义 -2014 年 9 月小六壬化解法祖传绝密本授徒资料（下册）71 页","百度","https://pan.baidu.com/s/1lngonNu755Iwt9-UC8tNiQ?pwd=42bs"
"49","江春义 -2014 年 9 月小六壬化解法祖传绝密本授徒资料（上册）63 页","百度","https://pan.baidu.com/s/1eTVwQinOqb9NA2VNT-K0ow?pwd=3t9d"
"50","小六壬全本清晰版","百度","https://pan.baidu.com/s/1C3S0BH1U1q_e7KnY784KUA?pwd=xz6c"
"51","三宫具象法难点补充","百度","https://pan.baidu.com/s/1vJnL7VCuON6CIawUnv0CZg?pwd=48rv"
"52","诸葛亮预言马前课详解","百度","https://pan.baidu.com/s/1KqmelVj2mZfxz0fH-nCJcA?pwd=szj1"
"53","新版本江氏小六壬真传秘诀","百度","https://pan.baidu.com/s/1PLEg3X_Fii1oNC5eJHkXIQ?pwd=r9d8"
"54","小六壬道法之 - 三宫","百度","https://pan.baidu.com/s/1cc_aQgD2mMPGr1S1pMAE7g?pwd=a4q4"
"55","江春义 + 祖传小六壬占法精华总集","百度","https://pan.baidu.com/s/1GNedcTY9mmSl7yAl5FfKLQ?pwd=ypie"
"56","江春义祖传民间小六壬化解法绝学","百度","https://pan.baidu.com/s/15HZ3MfhOe3Tt7PruTdiJpw?pwd=qe3e"
"57","江氏小六壬化解法祖传绝密本授徒资料 01","百度","https://pan.baidu.com/s/1GWOO4Y5UuKy3EDXu5KtTGw?pwd=u77z"
"58","江氏小六壬化解法祖传绝密本授徒资料 02","百度","https://pan.baidu.com/s/1V0B2HIR5yIPjDL7p5Ckz9w?pwd=2pbm"
"59","掐指小六壬占卜术讲义","百度","https://pan.baidu.com/s/1QX7uyYJuGQVbhhEdv2KxTQ?pwd=kytt"
"60","十分钟教你学会预测 – 神秘的小六壬","百度","https://pan.baidu.com/s/1aCxEMaexJvo2K5N1vZp44g?pwd=ne9k"
"61","思源小六壬预测法","百度","https://pan.baidu.com/s/1Q-ZV8zKjazWmRNodP2eoRg?pwd=r5ec"
"62","小六壬内部教材精华资料","百度","https://pan.baidu.com/s/1UUDjZDSRIrcH0ERp5sGZkg?pwd=kpz8"
"63","小六壬上","百度","https://pan.baidu.com/s/1p3OfcIvFzT1xW6oR6D_F4g?pwd=p128"
"64","小六壬下","百度","https://pan.baidu.com/s/1n9YShwazlWkWOl_pDnXvqw?pwd=nbsb"
"65","小六壬应用","百度","https://pan.baidu.com/s/1Hs3dguy2aErG9aTwg9iO8w?pwd=webj"
"66","预测术小六壬","百度","https://pan.baidu.com/s/1a4CDMVOo0UZDjzOu3Nj3Cg?pwd=ujbg"
"67","诸葛亮《马前课》预言全本详解","百度","https://pan.baidu.com/s/1Uyc3LkryyO1DQUZB1DmApQ?pwd=7p2y"
"68","道家小六壬神通之 开篇","百度","https://pan.baidu.com/s/1FdcdrqBkjqUrmoc8SVRS_Q?pwd=n4e6"
"69","道家小六壬神通之 六神基本定义","百度","https://pan.baidu.com/s/10xpqyRHgaEyg46qAsRa2fQ?pwd=6vi9"
"70","道家小六壬神通之 12 宫","百度","https://pan.baidu.com/s/1tr5K8bOQpmlD3TOC20I4rg?pwd=ckn3"
"71","道家小六壬神通之 干支特性","百度","https://pan.baidu.com/s/1nCAEY7l8d7ZxRmJjOyblmQ?pwd=9468"
"72","道家小六壬神通之 六神与六道关系","百度","https://pan.baidu.com/s/13TVMH2KHuKZu_qbA5eikuQ?pwd=v4pr"
"73","诸葛亮马前课指算法预测","百度","https://pan.baidu.com/s/17Uykx_qEfW9Gg25EBzPh2A?pwd=syyw"
"74","小六壬讲义","百度","https://pan.baidu.com/s/1nKxF8n5M7e51GQjlJZmzww?pwd=bwjj"
"75","华山小六壬","百度","https://pan.baidu.com/s/1G9sXdZScpwFpTqhzE46Nlg?pwd=ms58"
"76","小六壬密不外传的另一部分口诀","百度","https://pan.baidu.com/s/1L5_RA-GxwWL7a-H4_HvFQQ?pwd=q9dq"
"77","道家小六壬全集内容（理论基础）","百度","https://pan.baidu.com/s/19nG9m1FNcY3CUTq9TKJH3w?pwd=pd8x"
"78","小六壬教材一","百度","https://pan.baidu.com/s/1bAQZ52ZxmOkmDmfUoYNr-w?pwd=73ri"
"79","邵一尘老师分享小六壬起三数涵义","百度","https://pan.baidu.com/s/1od3xrA8Mi6YO3FlSSk0a6A?pwd=rjhk"
"80","十分钟教你学会预测 – 神秘的小六壬","百度","https://pan.baidu.com/s/1pxAAHqxCQiId_4zkGcX_iw?pwd=3nrp"
"81","掐指小六壬","百度","https://pan.baidu.com/s/150_1nzSYUhpWgec2AJlJgg?pwd=4w1d"
"82","奇门小六壬","百度","https://pan.baidu.com/s/1Ax5lID5U0KhmN7R0eQ8ZfQ?pwd=jcpf"
"83","江春义 + 祖传小六壬占法精华总集","百度","https://pan.baidu.com/s/1A3vyu4fFSz0Gy5It3Pm_eQ?pwd=vrcn"
"84","邵一尘 – 小六壬解惑[678 页]","百度","https://pan.baidu.com/s/1JueUmt1bunZeXo3bgp9dDQ?pwd=yyg6"
"85","小六壬技法之 - 母子卦与摘星聚象","百度","https://pan.baidu.com/s/1mh4-qeUFAXxaQJFfw3nUWA?pwd=3hb7"
"86","预测术小六壬","百度","https://pan.baidu.com/s/1J9teZTS0vZ2tuy_tD0dxcw?pwd=5kjs"
"87","小六壬预测研究","百度","https://pan.baidu.com/s/1ccx_o6irhjV5f6MfnNqCfw?pwd=1evi"
"88","掐指小六壬占卜术讲义","百度","https://pan.baidu.com/s/10WDRcRhz8WVqtMNYZkR3Tw?pwd=ak4j"
"89","奇门小六壬易经开悟","百度","https://pan.baidu.com/s/1325n_Z_Mau1gFz8z-c4dtQ?pwd=apbp"
"90","小六壬全本清晰版","百度","https://pan.baidu.com/s/1bVO8BxZWqcbcfi8QIFbpgw?pwd=7pk8"
"91","祖传小六壬占法精华总集","百度","https://pan.baidu.com/s/1xyKK4B9R8TjnCdK2OB9T2w?pwd=z32q"
"92","小六壬分类占方法","百度","https://pan.baidu.com/s/16W1EDwIptXxsPmuKjLvPrQ?pwd=m8ni"
"93","弓博云小六壬课件","百度","https://pan.baidu.com/s/19XUAnanM8GXrD3aAjm_nfg?pwd=48j8"
"94","小六壬应用","百度","https://pan.baidu.com/s/1CRdYmbFg2m4_QmXuJJhYxA?pwd=cdpz"
"95","小六壬论命","百度","https://pan.baidu.com/s/1fVkbVOAxxvt5bLC2yXCNlA?pwd=3fbx"
"96","江春义第一部","百度","https://pan.baidu.com/s/1A3-zSyCICvJlo-oTQDkuRA?pwd=7iyu"
"97","江春义小六壬第二部","百度","https://pan.baidu.com/s/1qAx7_5ycpkkPFiT6Q2dM0A?pwd=z3ns"
"98","道传小六壬 - 命法卷","百度","https://pan.baidu.com/s/1uFSfgeY4fPBhq-QIv3nv_Q?pwd=fmrj"
"99","小六壬风水卦例及思路讲解","百度","https://pan.baidu.com/s/1hUNvg3iXBtCjYnaLJE7AzA?pwd=nksf"
"100","小六壬入门克应","百度","https://pan.baidu.com/s/1fqliBNWKwNR5JLtJ5yDskA?pwd=srhf"
"101","道家小六壬神通之 六神与六道关系","百度","https://pan.baidu.com/s/1fiD2JoV0r15HVpyRf8HTRw?pwd=phwf"
"102","预测术小六壬","百度","https://pan.baidu.com/s/1PAb7spEPcCaWHLeOj3l9QQ?pwd=29gt"
"103","三宫小六壬基础","百度","https://pan.baidu.com/s/1xiUawk5VfhiwFfCwmcdyLA?pwd=quae"
"104","小六壬的吉凶判断法","百度","https://pan.baidu.com/s/1ay2likMoGhdwd_21i9BgOA?pwd=bb3v"
"105","小六壬课例分解","百度","https://pan.baidu.com/s/1XeWJUidvb0AaVdnpplNG0Q?pwd=xmch"
"106","九星旺衰及生克合化","百度","https://pan.baidu.com/s/16yjH0Jlz6itNCS6D73shfw?pwd=nfnv"
"107","邵一尘小六壬下册","百度","https://pan.baidu.com/s/1xrCiBvciAPA-nxASFN5mvQ?pwd=k4wa"
"108","掐指神通及小六壬","百度","https://pan.baidu.com/s/1lp4RkJHDFZJjou8i4-Urhg?pwd=qfed"
"109","道家小六壬全集内容（案例讲解）","百度","https://pan.baidu.com/s/1To9cFdduUIy5wPeuYQcrhg?pwd=i6cn"
"110","小六壬课例分解","百度","https://pan.baidu.com/s/1UvuN89gogAqiedAJ8z6DKQ?pwd=i64y"
"111","刘小奇掐指占卜术袖里乾坤","百度","https://pan.baidu.com/s/1KQiJCQhTc9vQMak37a4Law?pwd=su1d"
"112","小六壬启蒙 龙祥法师","百度","https://pan.baidu.com/s/1Txtw0O7AYSILl04tVDQvAA?pwd=mxqx"
"113","诸葛亮马前课指算法预测","百度","https://pan.baidu.com/s/1Ctehu-VmJQSNi-jdd2DFHA?pwd=gvm5"
"114","手抄小六壬","百度","https://pan.baidu.com/s/1t7p5SBN1hOrP-PW-pKTEGg?pwd=k95v"
"115","十分钟教你学会预测 – 神秘的小六壬","百度","https://pan.baidu.com/s/1AX_kWNzFrhu3KZqElRTlgA?pwd=hrne"
"116","小六壬日加时断","百度","https://pan.baidu.com/s/1vYhDqkis2EYSQjqWsY9X9g?pwd=4x3j"
"117","道传小六壬 - 香法卷","百度","https://pan.baidu.com/s/1ljQM3-UHLnyBfoQlHNFlSw?pwd=q79r"
"118","道家小六壬神通之 六神基本定义","百度","https://pan.baidu.com/s/11vaeMnlmWkwlnElqUMQ8gA?pwd=51di"
"119","小六壬预测研究","百度","https://pan.baidu.com/s/1Z7QRJ3ywRst76eVyTdrEcg?pwd=nhha"
"120","小六壬寻物实例","百度","https://pan.baidu.com/s/1s_eiYpOuf9Pr9jGOueAsQA?pwd=63cm"
"121","小六壬六宫数字组合原理","百度","https://pan.baidu.com/s/17S7slK_Oojhgzr89vQTc3Q?pwd=cbyr"
"122","道传小六壬","百度","https://pan.baidu.com/s/1YeknNa4vQf_1JYlHz-_2oA?pwd=c4sn"
"123","小六壬的吉凶判断法","百度","https://pan.baidu.com/s/1W63AKVMUlU0ogwz0VXdGtQ?pwd=m4d9"
"124","道传小六壬 - 择法卷","百度","https://pan.baidu.com/s/1_MvXpWxBfqSGEQtEygwiwQ?pwd=skig"
"125","小六壬道法之 - 体用","百度","https://pan.baidu.com/s/1vGLZAnwCl9JYI59liPyX2A?pwd=hd2u"
"126","小六壬穿梅易实例","百度","https://pan.baidu.com/s/16OtEzUKyQ5AoXH_L5CqZvg?pwd=d6b7"
"127","小六壬道法之 - 三宫","百度","https://pan.baidu.com/s/1CA2d30-aWYUTnHIqgiNWjA?pwd=mebc"
"128","小六壬要点","百度","https://pan.baidu.com/s/177RWQqeiHUB_CZ-rRNCIZw?pwd=rjq2"
"129","奇门小六壬","百度","https://pan.baidu.com/s/1PHDdnluGni-8J0vnktnCQA?pwd=ipci"
"130","道传小六壬","百度","https://pan.baidu.com/s/1737PyUEqbXKZrhaGUrzSbg?pwd=zqxt"
"131","道家小六壬【内部版】","百度","https://pan.baidu.com/s/1E_6o3V18E80m4p9S3bnTug?pwd=wi9g"
"132","诸葛亮《马前课》预言全本详解","百度","https://pan.baidu.com/s/1D5_rRi-ftvkRmvUamfLhZA?pwd=86nu"
"133","三宫小六壬群内公开课文字整理","百度","https://pan.baidu.com/s/1V3MEmXcUxB9HZYid6B8Dng?pwd=kp9y"
"134","小六壬课例分解","百度","https://pan.baidu.com/s/1vZLBH8n-xuTVmZjlTvf1TA?pwd=ujdf"
"135","道家小六壬全集内容（理论基础）","百度","https://pan.baidu.com/s/1sUGeML9PGDaSvrx18dYx8A?pwd=94u7"
"136","三十分钟学会诸葛亮马前神课_小六壬快速卜算吉凶","百度","https://pan.baidu.com/s/1MnV-AQTHaWdhDFcomqtJGw?pwd=xzsv"
"137","小六壬内部教材精华资料","百度","https://pan.baidu.com/s/1Fq-Ogl-S4PX_YfTuwB9pEA?pwd=e37f"
"138","华山派小六壬","百度","https://pan.baidu.com/s/1-HBH9AgYu2C-gic268ZjHA?pwd=jdks"
"139","小六壬六宫神象意","百度","https://pan.baidu.com/s/1XXvW6a1SaEp7yT4GlFaCcw?pwd=pyjj"
"140","灵鹤子_掐指报密法","百度","https://pan.baidu.com/s/1eah_w2RVkfphCJ6hckvU-Q?pwd=3wbt"
"141","马前课双留连","百度","https://pan.baidu.com/s/1xdNaC-im6NKnlo7kYpB8UA?pwd=f7xt"
"142","小六壬之射覆篇","百度","https://pan.baidu.com/s/1HPGrTtv-ZDY6YopHi_OSTw?pwd=vrcd"
"143","道家小六壬整理版","百度","https://pan.baidu.com/s/1OzHvlpz7QC8VrClOqVcOww?pwd=udkv"
