"1","77","江氏小六壬教程1：小六壬起源和江氏小六壬特点","小六壬起源和江氏小六壬特点","","","","",""
"2","78","江氏小六壬教程2：学小六壬要有什么基础，看什么书好","学小六壬要有什么基础，看什么书好","","","","",""
"3","81","江氏小六壬教程3：五行相生相克等含义基础知识详解","五行相生相克等含义基础知识详解","","","","",""
"4","84","江氏小六壬教程4：十二地支含义属性等基础知识详解","十二地支含义属性等基础知识详解","","","","","一个月五行固定为土"
"5","85","江氏小六壬教程5：基础知识之十二地支刑冲合害详解","基础知识之十二地支刑冲合害详解","","","","",""
"6","86","江氏小六壬教程6：五行十二地支象意类象应用详解","五行十二地支象意类象应用详解","","","","",""
"7","87","江氏小六壬教程7：快速记忆八卦方位等含义的方法","快速记忆八卦方位等含义的方法","","","","",""
"8","88","江氏小六壬教程8：六亲六神五星六宫属性应用等基础知识","六亲六神五星六宫属性应用等基础知识","","","","",""
"9","89","江氏小六壬教程9：小六壬起课起卦装卦方法大全","小六壬起课起卦装卦方法大全","","","","",""
"10","90","江氏小六壬教程10：江氏小六壬装地支的正确排法","江氏小六壬装地支的正确排法","","","","","排出来的卦盘，如上图所示"
"11","91","江氏小六壬教程11：江氏小六壬装六亲的正确排法","江氏小六壬装六亲的正确排法","","","","","此卦的六亲排列为：自身在赤口，妻财在小吉，官鬼在空亡，兄弟在大安，父母在留恋，子孙在速喜，如下图所示"
"12","92","江氏小六壬教程12：六亲名称及相生相克关系记忆要点","六亲名称及相生相克关系记忆要点","","","","",""
"13","93","江氏小六壬教程13：快速理解小六壬中六亲的含义","快速理解小六壬中六亲的含义","","","","",""
"14","94","江氏小六壬教程14：江氏小六壬装六神的正确排法","江氏小六壬装六神的正确排法","","","","",""
"15","95","江氏小六壬教程15：江氏小六壬装五星的正确排法","江氏小六壬装五星的正确排法","","","","","一个宫位是空"
"16","96","江氏小六壬教程16：详解大安属性及什么意思怎么用","详解大安属性及什么意思怎么用","","","","",""
"17","97","江氏小六壬教程17：精解留连属性及什么意思怎么用","精解留连属性及什么意思怎么用","","","","",""
"18","98","江氏小六壬教程18：详解速喜属性及什么意思怎么用","详解速喜属性及什么意思怎么用","","","","",""
"19","99","江氏小六壬教程19：精解赤口属性及什么意思怎么用","精解赤口属性及什么意思怎么用","","","","",""
"20","100","江氏小六壬教程20：详解小吉属性及什么意思怎么用","详解小吉属性及什么意思怎么用","","","","",""
"21","101","江氏小六壬教程21：精解空亡属性及什么意思怎么用","精解空亡属性及什么意思怎么用","","","","","、消失、死亡、没有、空虚、没把握、落空、不吉之含义"
"22","102","江氏小六壬教程22：精解青龙象意属性及什么意思","精解青龙象意属性及什么意思","","","","",""
"23","103","江氏小六壬教程23：详解朱雀象意属性及什么意思","详解朱雀象意属性及什么意思","","","","",""
"24","104","江氏小六壬教程24：精解勾陈象意属性及什么意思","精解勾陈象意属性及什么意思","","","","",""
"25","105","江氏小六壬教程25：精解白虎象意属性及什么意思","精解白虎象意属性及什么意思","","","","白虎",""
"26","106","江氏小六壬教程26：详解玄武象意属性及什么意思","详解玄武象意属性及什么意思","","","","玄武",""
"27","107","江氏小六壬教程27：详解腾蛇象意属性及什么意思","详解腾蛇象意属性及什么意思","","","","腾蛇",""
"28","108","江氏小六壬教程28：断事解卦步骤思路及怎么取用神","断事解卦步骤思路及怎么取用神","","","妻财宫","",""
"29","109","江氏小六壬教程29：小六壬六神临六宫所主详细解释上","小六壬六神临六宫所主详细解释上","","","","大安",""
"30","110","江氏小六壬教程30：小六壬六神临六宫所主详细解释下","小六壬六神临六宫所主详细解释下","","","","大安",""
"31","111","江氏小六壬教程31：小六壬六神临六亲所主详细解释上","小六壬六神临六亲所主详细解释上","","","","",""
"32","112","江氏小六壬教程32：小六壬六神临六亲所主详细解释下","小六壬六神临六亲所主详细解释下","","","","",""
"33","113","江氏小六壬教程33：小六壬六亲临六宫所主详细解释上","小六壬六亲临六宫所主详细解释上","","","","大安",""
"34","114","江氏小六壬教程34：小六壬六亲临六宫所主详细解释下","小六壬六亲临六宫所主详细解释下","","","","大安",""
"35","115","江氏小六壬教程35：小六壬五星临六亲所主详细解释上","小六壬五星临六亲所主详细解释上","","","","",""
"36","116","江氏小六壬教程36：小六壬五星临六亲所主详细解释下","小六壬五星临六亲所主详细解释下","","","","",""
"37","117","江氏小六壬教程37：小六壬怎么转太极，转太极用法详解上","小六壬怎么转太极，转太极用法详解上","","","妻财","",""
"38","118","江氏小六壬教程38：小六壬怎么转太极，转太极用法详解中","小六壬怎么转太极，转太极用法详解中","","","","",""
"39","119","江氏小六壬教程39：小六壬怎么转太极，转太极用法详解下","小六壬怎么转太极，转太极用法详解下","","","","",""
"40","120","江氏小六壬教程40：小六壬断婚姻感情方法详解及实例上","小六壬断婚姻感情方法详解及实例上","","","官鬼","留恋","：没离成"
"41","121","江氏小六壬教程41：小六壬断婚姻感情方法详解及实例下","小六壬断婚姻感情方法详解及实例下","","","对宫","腾蛇","两人聊了一会，觉得性格不一样，直接各回各家，各找各妈了"
"42","122","江氏小六壬教程42：小六壬断财运交易方法详解及实例上","小六壬断财运交易方法详解及实例上","","","妻财宫","留恋","这个客户最终没有交易成功"
"43","123","江氏小六壬教程43：小六壬断财运交易方法详解及实例下","小六壬断财运交易方法详解及实例下","","","妻财宫","空亡","最近财运非常不好，运气背到家了，各种不顺"
"44","124","江氏小六壬教程44：小六壬断工作事业方法详解及实例上","小六壬断工作事业方法详解及实例上","","","自身","空亡","没有成功"
"45","125","江氏小六壬教程45：小六壬断工作事业方法详解及实例下","小六壬断工作事业方法详解及实例下","","","","赤口","想了一圈办法，还是没去成"
"46","126","江氏小六壬教程46：小六壬断学业考试方法详解及实例上","小六壬断学业考试方法详解及实例上","","9","官鬼","留恋","过后这位学生反馈，没有考上这所大学"
"47","127","江氏小六壬教程47：小六壬断学业考试方法详解及实例下","小六壬断学业考试方法详解及实例下","","15","官鬼","赤口","后来这位家长反馈，他的儿子确实没有考上该中学"
"48","128","江氏小六壬教程48：小六壬断合作的方法详解及实例上","小六壬断合作的方法详解及实例上","","","对宫","留恋","一月后，该缘主来反馈，对方由于自身业务太多，忙不过来，最后没谈成该合作项目"
"49","129","江氏小六壬教程49：小六壬断合作的方法详解及实例下","小六壬断合作的方法详解及实例下","是数字起卦，卦主报数字21，下面大家与江阳君一起按照流程来断一下","","对宫","速喜","卦主反馈说和对方洽谈的非常顺利，很快很谈成了合作"
"50","130","江氏小六壬教程50：小六壬断升职晋升方法详解及实例上","小六壬断升职晋升方法详解及实例上","是日时起卦，下面大家与江阳君一起按照流程来断一下","","官鬼","腾蛇","过了一段时间卦主来反馈，确实没升职成功"
"51","131","江氏小六壬教程51：小六壬断升职晋升方法详解及实例下","小六壬断升职晋升方法详解及实例下","是数字起卦，报数36","36","官鬼","白虎","过了一段时间卦主反馈，确实一直没有找到向上的机会"
"52","132","江氏小六壬教程52：小六壬断讨债要钱方法详解及实例上","小六壬断讨债要钱方法详解及实例上","是数字起卦，报数27","27","妻财","赤口","当天去讨债，费了半天口舌，一分钱也没要回来"
"53","133","江氏小六壬教程53：小六壬断讨债要钱方法详解及实例下","小六壬断讨债要钱方法详解及实例下","是日时起卦","","妻财","速喜","两个月后，卦来来反馈，钱一分不少的都要回来了"
"54","134","江氏小六壬教程54：小六壬断借钱贷款方法详解及实例上","小六壬断借钱贷款方法详解及实例上","是日时起卦","","妻财","留恋","第三天来反馈，找了几个人借，都没借到钱"
"55","135","江氏小六壬教程55：小六壬断借钱贷款方法详解及实例下","小六壬断借钱贷款方法详解及实例下","是日时起卦","","妻财","空亡","事后卦主反馈，最终银行没有贷款给他，原因是没有找到愿意帮他担保的人"
"56","136","江氏小六壬教程56：小六壬断学车考驾照方法详解及实例上","小六壬断学车考驾照方法详解及实例上","是日时起卦","","官鬼","赤口","晚上卦主来反馈，这次科目二考试确实没有通过"
"57","137","江氏小六壬教程57：小六壬断学车考驾照方法详解及实例下","小六壬断学车考驾照方法详解及实例下","是日时起卦","","官鬼","","第二天卦来反馈，科目三考试通过了"
"58","138","江氏小六壬教程58：小六壬断打王者输赢方法详解及实例上","小六壬断打王者输赢方法详解及实例上","是数字起卦，报数63","63","子孙","","这局没有赢"
"59","139","江氏小六壬教程59：小六壬断打王者输赢方法详解及实例下","小六壬断打王者输赢方法详解及实例下","是时刻起卦，起卦时间是傍晚18点16分","","子孙","","这局没有赢"
"60","140","江氏小六壬教程60：小六壬断偏财之能中吗","小六壬断偏财之能中吗","是报数起卦，报数61","61","以妻财","","没有中奖"
"61","141","江氏小六壬教程61：小六壬断宠物猫是否怀孕的方法及实例","小六壬断宠物猫是否怀孕的方法及实例","是报数起卦，报数66，半夜12点起的卦","66","子孙","青龙","猫确实怀孕了，生了好几只猫宝宝"
"62","142","江氏小六壬教程62：小六壬断电脑丢了找电脑的方法及实例","小六壬断电脑丢了找电脑的方法及实例","","73","父母","大安","电脑确实在门口没动地方，全家人出门时，都没有刻意去看，所以都没什么印象，以为是没有了"
"63","143","江氏小六壬教程63：小六壬断飞机会不会晚点延迟起飞的方法及实例","小六壬断飞机会不会晚点延迟起飞的方法及实例","是日时起卦","","","腾蛇","确实晚点了，而且晚点了好几个小时"
"64","144","江氏小六壬教程64：小六壬断找空自习教室的方法及实例","小六壬断找空自习教室的方法及实例","是日时起卦","","父母","青龙","到了地方，没两分钟就找到了一间空的自己教室，美美的开始学习"
"65","145","江氏小六壬教程65：小六壬断领导在不在办公室的方法及实例","小六壬断领导在不在办公室的方法及实例","是时刻起卦","","官鬼","留恋","起完卦就去了，结果扑了个空，领导不在自己办公室，过了几分钟之后，领导从其他办公室回来了"
"66","146","江氏小六壬教程66：小六壬断免费意向体验客户能销售成交吗","小六壬断免费意向体验客户能销售成交吗","，数字起卦，报的数字是5","","以妻财","朱雀","客户免费体验的过程感觉不错，经过教练一番努力的沟通，客户最终办卡成为正式会员了"
"67","147","江氏小六壬教程67：小六壬断投资的项目是不是骗局","小六壬断投资的项目是不是骗局","是日时起卦，起卦时间是初四上午十点多，也就是巳时","","对宫","玄武","后继证实这个项目确实是骗局，这是个区块链项目，项目方不久之后就卷款走人了"
"68","148","江氏小六壬教程68：小六壬断车主汽车年检验车能不能通过","小六壬断车主汽车年检验车能不能通过","是数字起卦，报数1，起卦时间是下午13点多，也就是未时","1","全父母","腾蛇","卦主开车去试着自己验车了，结果检测出汽车有问题，没有通过年检"
"69","149","江氏小六壬教程69：小六壬断汽车能以心仪的价格卖出去吗","小六壬断汽车能以心仪的价格卖出去吗","是数字起卦，报数3，起卦时间是晚上22点多，也就是亥时","3","妻财","腾蛇","最后车卖了，出售的价格没有达到心仪的价格"
"70","150","江氏小六壬教程70：小六壬断会不会赶不上高铁错过车次","小六壬断会不会赶不上高铁错过车次","是数字起卦，报数8，起卦时间是下午14点多，也就是未时","8","父母","青龙","最终有惊无险，踩点赶上了高铁，再晚那怕一点点，就赶不上了"
"71","151","江氏小六壬教程71：小六壬断姻缘之男生要女生的微信能要到吗","小六壬断姻缘之男生要女生的微信能要到吗","是日时起卦，起卦日期是农历的五月十一，起卦时间是初八中午12点多，也就是午时","","日宫","小吉","要到这位女生的微信了"
"72","152","江氏小六壬教程72：小六壬断店铺被查，会不会被罚款很多钱","小六壬断店铺被查，会不会被罚款很多钱","是数字起卦，报数27，起卦时间是下午13点多，也就是未时","27","妻财","空亡","被顶格处罚了，罚了最多的钱"
"73","153","江氏小六壬教程73：小六壬断在村干部竞选中能不能当选上村长","小六壬断在村干部竞选中能不能当选上村长","是日时起卦，起卦时间是初七晚上20点多，也就是戌时","","官鬼","勾陈","最终没有竞选上村长"
"74","154","江氏小六壬教程74：小六壬断交易之闲鱼买家靠谱吗，会不会有问题","小六壬断交易之闲鱼买家靠谱吗，会不会有问题","是数字起卦，报数35，起卦时间是下午13点31分，也就是未时","35","日宫","小吉","买家确实没问题，但是很遗憾，最终不交易成"
"75","155","江氏小六壬教程75：小六壬断明天生意财运如何，会比今天好吗","小六壬断明天生意财运如何，会比今天好吗","是数字起卦，报数3，起卦时间是半夜22点多，也就是亥时","3","妻财","小吉","第二天的收入，确实比头一天的高"
"76","156","江氏小六壬教程76：小六壬断偏财之妈酱情况","小六壬断偏财之妈酱情况","是数字起卦，报数12，起卦时间是下午13点多，也就是未时","12","妻财","速喜","最终 妈酱 散了后，一算帐，是赢了的"
"77","157","江氏小六壬教程77：小六壬断感情之会和男朋友分手吗","小六壬断感情之会和男朋友分手吗","是数字起卦，报数14，起卦时间是早上6点多，也就是卯时","14","日宫","玄武","最终分手了"
"78","158","江氏小六壬教程78：小六壬断房东会同意降低房子租金吗","小六壬断房东会同意降低房子租金吗","是日时起卦，起卦时间是九月十四中午11点多，也就是午时","","妻财","勾陈","和房东好说歹说商量了半天，最终也没有同意降租金"
"79","159","江氏小六壬教程79：小六壬断工作之被外地工作能否调动回来","小六壬断工作之被外地工作能否调动回来","是日时起卦，起卦时间是初九中午11点多，也就是午时","","官鬼","腾蛇","卦主至今未调回，且单位一直没有相关消息"
"80","161","江氏小六壬教程80：小六壬断领导能批准自己的请假申请吗","小六壬断领导能批准自己的请假申请吗","是数字起卦，报数32，起卦时间是晚上20点多，也就是戌时","32","官鬼","白虎","领导批准了，给了两天假"
"81","162","江氏小六壬教程81：小六壬断这个店铺财运如何能赚钱吗","小六壬断这个店铺财运如何能赚钱吗","是数字起卦，报数8，起卦时间是初八上午10点多，也就是巳时","8","妻财","空亡","经营了一段时间，确实一直赚不到钱"
"82","163","江氏小六壬教程82：小六壬断交易之和闲鱼买家交易顺利吗","小六壬断交易之和闲鱼买家交易顺利吗","是数字起卦，报数27，起卦时间是下午13点58分，也就是未时","27","自身","勾陈","虽然和这个卖家聊的挺好，但是最终没有交易成功"
"83","164","江氏小六壬教程83：小六壬断工作之和董事长见面谈话情况如何","小六壬断工作之和董事长见面谈话情况如何","是日时起卦，起卦时间是农历十三晚上20点45分，也就是戌时","","官鬼","大安","卦主和董事长见面聊的挺愉快，没有任何不好的事情发生"
"84","165","江氏小六壬教程84：小六壬断交易之客户会不会不付货款","小六壬断交易之客户会不会不付货款","是日时起卦，起卦时间是农历十月十八中午11点13分，也就是午时","","妻财","青龙","客户收到货后，很痛快的就确认收货付款了，挺顺利"
"85","166","江氏小六壬教程85：小六壬断和朋友聚会见面情况如何","小六壬断和朋友聚会见面情况如何","是报数起卦，报数370，起卦时间是晚上20点02分，也就是戌时","370","兄弟","小吉","卦主和朋友见面后聊的很愉快，与他带来的新朋友交流的也很不错"
"86","168","江氏小六壬教程86：小六壬断换工作跳槽能否顺利成功","小六壬断换工作跳槽能否顺利成功","是日时起卦，起卦时间是农历十月二十六下午15点39分，也就是申时","","自身","赤口","没有跳槽成功，因为现有公司不愿意放人，利用合同、财务纠纷等做为理由，就是不放他走"
"87","170","江氏小六壬教程87：小六壬断讨债之这笔欠款能否要回来","小六壬断讨债之这笔欠款能否要回来","是报数起卦，报数22","22","妻财","速喜","卦主找客户要，客户并没有找借口不还，很积极的在想办法"
"88","172","江氏小六壬教程88：小六壬测财运之进这批货能否赚钱","小六壬测财运之进这批货能否赚钱","是报数起卦，报数918，起卦时间是下午14点48分，也就是未时","918","妻财","速喜","卦主吃下这批货后，仅用了两个来月就全部卖完了， 甚至还不够卖"
"89","173","江氏小六壬教程89：小六壬断投资电动摇摇椅项目能否赚钱","小六壬断投资电动摇摇椅项目能否赚钱","是报数起卦，报数17，起卦时间是晚上20点49分，也就是戌时","17","官鬼","玄武","求测完了后，卦主不甘心，还是试着做了这个项目"
"90","174","江氏小六壬教程90：小六壬测财运之服装项目能否赚钱","小六壬测财运之服装项目能否赚钱","是报数起卦，报数54，起卦时间是下午16点14分，也就是申时","54","妻财","勾陈","卦主认为这个项目很好，所以还是投资做了"
"91","175","江氏小六壬教程91：小六壬断不走闲鱼验货宝买家会同意吗","小六壬断不走闲鱼验货宝买家会同意吗","是报数起卦，报数123，起卦时间是下午18点16分，也就是酉时","123","对宫","速喜","最终买家同意了不走闲鱼验货宝的要求，交易顺利完成"
"92","176","江氏小六壬教程92：小六壬断与邻居的建房纠纷能解决吗","小六壬断与邻居的建房纠纷能解决吗","是时刻起卦，起卦时间是中午12点46分，也就是午时戌时","","对宫","大安","经过一番努力，最终解决了和邻居的纠纷，院墙也如愿砌起来了"
"93","177","江氏小六壬教程93：小六壬测感情之男朋友今晚会联系我吗","小六壬测感情之男朋友今晚会联系我吗","是报数起卦，报数668","668","对宫","留恋","当天晚上，她的男朋友没有联系她"
"94","178","江氏小六壬教程94：小六壬测健康之妈妈今年身体情况","小六壬测健康之妈妈今年身体情况","是报数起卦，报数63，起卦时间是下午15占09分，也就是申时","63","父母","青龙","卦主母亲这一年身体挺健康，没有生什么大病，小病几乎都没有"
"95","179","江氏小六壬教程95：小六壬断能否约到朋友吃饭","小六壬断能否约到朋友吃饭","是日时起卦，起卦时间是农历十月十一上午八点多，也就是辰时","","兄弟宫","空亡","卦主没有约到朋友，朋友说有事"
"96","180","江氏小六壬教程96：小六壬断事业之做自有品牌是否可行","小六壬断事业之做自有品牌是否可行","是日时起卦，起卦时间是农历二十五下午14点29分，也就是未时","","官鬼","空亡","从卦主起卦至今已经六年多了，其创建的品牌基本上已经销声匿迹了"
"97","181","江氏小六壬教程97：小六壬测技能考试能不能获奖","小六壬测技能考试能不能获奖","是报数起卦，报数58，起卦时间是上午9点52分，也就是巳时","58","官鬼","青龙","卦主最终获得了不错的名次，如愿拿到了大奖"
"98","182","江氏小六壬教程98：小六壬测财运之投资母婴项目能否赚钱","小六壬测财运之投资母婴项目能否赚钱","是报数起卦，报数43，起卦时间是下午18点56分，也就是酉时","43","妻财","大安","卦主上马了这个项目，产品出来后，不温不火，正应了那句话：食之无味，弃之可惜"
"99","183","江氏小六壬教程99：小六壬测婚姻之能与前妻分到财产吗","小六壬测婚姻之能与前妻分到财产吗","是数字起卦，报数700","700","妻财","赤口","最终在2年之后，才分割完成"
"100","184","江氏小六壬教程100：小六壬测财运之知识付费项目能赚到钱吗","小六壬测财运之知识付费项目能赚到钱吗","是数字起卦，报数是302，起卦时间是下午16点09分，也就是申时","","妻财","玄武","因为知识付费类的项目几乎不需要太多投入，所以虽然卦象不好，卦主还是去尝试做了，结果没做起来，也没赚到什么钱"
"101","185","江氏小六壬教程101：小六壬测交易之家具能转卖给下个租户吗","小六壬测交易之家具能转卖给下个租户吗","是报数起卦，报数51，起卦时间是中午11点19分，也就是午时","51","妻财","赤口","卦主找对方聊了，对方没要"
"102","186","江氏小六壬教程102：小六壬断创业之投资豆腐项目能赚钱吗","小六壬断创业之投资豆腐项目能赚钱吗","是报数起卦，报数173，起卦时间是晚上22点25分，也就是亥时","173","妻财","大安","卦主小规模的进行了试水，结果发现项目不可行，做不起来"
"103","187","江氏小六壬教程103：小六壬测财运之参加美博会财运如何","小六壬测财运之参加美博会财运如何","是报数起卦，报数57，起卦时间是中午11点01分，也就是午时","57","妻财","赤口","卦主报着试水的心态，租了个不大的展位，整会参加完，成本都没赚回来"
"104","188","江氏小六壬教程104：小六壬测讨债之这笔钱能要回来吗","小六壬测讨债之这笔钱能要回来吗","是日时起卦，起卦时间是六月初八中午11点26分，也就是午时","","妻财","速喜","经过卦主的一番追讨，钱一分不少的要回来了"
"105","189","江氏小六壬教程105：测事业之经营财税项目能赚到钱吗","测事业之经营财税项目能赚到钱吗","是数字起卦，报数67，起卦时间是下午15点03分，也就是申时","67","妻财","空亡","卦主尝试着做了一下，没赚到钱"
"106","191","江氏小六壬教程106：小六壬测怀孕之妈妈朋友有没有怀孕","小六壬测怀孕之妈妈朋友有没有怀孕","是数字起卦，报数11，起卦时间是半夜11点多，也就是子时","11","数字宫","小吉","最后经过确诊，卦主朋友的老婆确实怀孕了"
"107","192","江氏小六壬教程107：小六壬断当天催债业绩如何","小六壬断当天催债业绩如何","是数字起卦，报数15，起卦时间是凌晨1点多，也就是丑时","15","妻财","小吉","当天成功催回一笔债务"
"108","193","江氏小六壬教程108：小六壬断今天房子能租出去吗","小六壬断今天房子能租出去吗","是数字起卦，报数19，起卦时间是上午11点多，也就是午时","19","父母","玄武","没有租出去"
"109","194","江氏小六壬教程109：断学校会继续安排我做班主任吗","断学校会继续安排我做班主任吗","是日时起卦，起卦时间是初十中午12点多，也就是午时","","官鬼","青龙","下个学期果然给他调整工作，没有再担任班主任了"
"110","195","江氏小六壬教程110：小六壬断疾病之外婆的病能挺过去吗","小六壬断疾病之外婆的病能挺过去吗","是数字起卦，报数43，起卦时间是下午16点39分，也就是申时","43","父母","大安","外婆最终挺过去了，没有生命危险"
"111","196","江氏小六壬教程111：小六壬断官非之会判刑还是只罚款","小六壬断官非之会判刑还是只罚款","是日时起卦，起卦时间是农历二十二日晚上20点47分，也就是戌时","","时宫","","最终被罚了一笔金额不小的钱"
"112","197","江氏小六壬教程112：断领导下午会不会来公司","断领导下午会不会来公司","是数字起卦，报数52，起卦时间是下午13点26分，也就是未时","52","官鬼","速喜","一个多小时之后领导就来了"
"113","198","江氏小六壬教程113：断出行之孩子病了，能顺利出行吗？","断出行之孩子病了，能顺利出行吗？","是数字起卦，报数61，起卦时间是晚上10点03分，也就是亥时","61","数字宫","大安","最终顺利出行了"
"114","199","江氏小六壬教程114：断能顺利找到汽车充电桩吗","断能顺利找到汽车充电桩吗","是数字起卦，报数50，起卦时间是下午18点52分，也就是酉时","50","父母宫","青龙","找到充电桩了"
"115","200","江氏小六壬教程115：断买卖之闲鱼交易手机能顺利吗","断买卖之闲鱼交易手机能顺利吗","是数字起卦，报数45，起卦时间是下午17点35分，也就是酉时","45","数字宫","速喜","卦主将手机卖给这位买家了，交易顺利完成"
"116","201","江氏小六壬教程116：目的地有没有免费停车位","目的地有没有免费停车位","是日时起卦，起卦时间是农历十四日下午17点58分，也就是酉时","","父母宫","青龙","到了目的地，果然有免费停车位，而且有两个"
"117","202","江氏小六壬教程117：断大客户能签单成交吗","断大客户能签单成交吗","是数字起卦，报数126，起卦时间是中午12点23分，也就是午时","126","妻财宫","大安","最后终于签单成交了"
"118","203","江氏小六壬教程118：老板会不会拖欠工资延迟发","老板会不会拖欠工资延迟发","是日时起卦，起卦时间是农历十七日下午17点58分，也就是酉时","","妻财宫","朱雀","老板第二天就发工资了"
"119","204","江氏小六壬教程119：下课后能否顺利和朋友爬山","下课后能否顺利和朋友爬山","是时刻起卦，起卦时间是下午15点55分，也就是申时","","兄弟","速喜","卦主下课后，果然老师临时有安排没有准时放学，不过卦主临时安排的事宜很快就完成了，对卦主的爬山活动没有任何影响，卦主和朋友爬山之约顺利成行"
"120","205","江氏小六壬教程120：小六壬测飞机换座能否成功","小六壬测飞机换座能否成功","是数字起卦，起卦时间是下午3点49分，报数33","33","父母","青龙","到了机场后，果然成功换到了连着的座"