"体系","别称","传出人/来源","年代","宫数结构","起课法","数字配置","六宫五行","六神配置","六亲体系","断法核心","特色技法","应期方法","文献载体","在线工具","备注"
"传统单宫/三宫马前课","马前课、掐指一算、六壬时课（民间）","民间口传","口传（明清以来通书）","1宫（落宫）或3宫（月/日/时）","农历月日时；报数","谋事数：大安1·5·7；留连2·8·10；速喜3·6·9；赤口4·7·10；小吉1·5·7；空亡3·6·9","大安木；留连水；速喜火；赤口金；小吉木；空亡土","青龙、玄武、朱雀、白虎、六合、勾陈","无（个别带三宫断口诀）","落宫口诀直断、日加时断","36格/组合口诀","谋事数+方位+季节","《玉匣记》等通书、网络口诀","通用排盘","最普及的底层版本"
"李淳风六壬时课（玉匣记版）","六壬时课","托名唐·李淳风；载《增补许真君万全玉匣记》","唐宋托名/明清流传","3宫（月/日/时）","大安起正月→月上起日→日上起时","同上（谋事数）","同上","同上","无","落宫断辞（大安事事昌等）","古例三月初五辰时→小吉","谋事数","《玉匣记》（明刻本、维基文库等）","无官方工具","小六壬的文献源头"
"道传小六壬/道家小六壬（邵一尘系）","道家小六壬神通、道家小六壬、道传小六壬","邵一尘（法脉叙述：七尘子、柳明志〔天罡六壬派24代〕；参考马云波/杨春宇/王力等）","2008整理、2010初稿、2011博客+QQ群公开","3宫（天/地/人）＋时辰（体/用）","月日时（三宫）；报数/外应亦可","明数：大安1·4·5；留连2·7·8；速喜3·6·9；赤口1·2·4；小吉5·3·8；空亡6·5·10；隐藏数7—12","大安木；留连四角土；速喜火；赤口金；小吉水；空亡中央土","青龙、腾蛇、朱雀、白虎、玄武、勾陈","体用＋转太极（六亲/事件/神煞）","落宫直断→三宫全局→体用→技法细化；分类占八类","转太极、三宫具象、藏干诀、神煞十二宫、六道十二宫","季节/地支月＋数应＋体用＋墓库","《道家小六壬神通》七篇；《卜法浅要通则》；《理论基础》59页；十二卷叙述","多为文章；无官方工具","教材称正式体系十二卷；市场课程多为转授"
"江氏小六壬（江春义系）","江氏小六壬","江春义（传人）；江阳君（之子，教程作者）","2023—2026教程1—120+持续发布","6宫全装","日时／时刻（每10分钟一刻）／数字（÷6取余）","数字主要用于起课；宫位数非断法核心（社区工具沿用传统数）","以地支为主轴；社区工具采用：大安木；留连土；速喜火；赤口金；小吉水；空亡土","青龙、朱雀、勾陈、白虎、玄武、腾蛇（起点按身宫地支：子午大安起青龙…）","装六亲（身宫地支定我；生我父母/克我官鬼/我生子孙/我克妻财/同我兄弟，顺取土支）","装卦四步→取用神（父母/兄弟/子孙/妻财/官鬼/对宫/自身）→论用神所临宫神星组合","活六神、地支择法、地支刑冲合害、墓库应期、一课多断","地支月日＋六亲旺衰＋冲合入库","教程1—120＋、官方案例集","官方免费在线排盘系统；社区开源实现（xiaoliuren.cc）","四盘：六宫=地盘、六亲=人盘、六神=神盘、五星=天盘"
"乐命堂深度学（潘乐德系）","小六壬占卜深度学","潘乐德（香港乐命堂）","2024发文","3宫","按其所授","—","六曜+六神两套系统切换","大六壬天将体系","三传思维","六曜（择日）＋六神（大六壬天将）融合读盘","三传思维改造三宫断法","—","博客/课程文章","—","主张小六壬=六曜×六神两系统融合"
"马前双留恋（十二宫）","十二宫小六壬","民间（江春义文提及）","近代民间","12宫（六宫铺十二支）","按其口诀","—","按其口诀","分阴阳六神","—","口诀繁多、缺系统解卦法","—","—","民间口传","无","寅大安/卯留连/辰速喜/巳赤口/午小吉/未空亡/申大安/酉留连/戌速喜/亥赤口/子小吉/丑空亡"
"中六壬·天罡掌诀","天罡六壬神课、金口诀","霍斐然整理（源《增广玉匣记》木刻）","1976得本、1997整理","十二将（取十将）","加孟/加仲/加季","—","—","大六壬十二神将（不用功曹、太冲）","—","三种结论快断","孟仲季","—","霍斐然整理本","无","属六壬类式，与大六壬勿混"
"日本六曜","六辉、六曜历注","中国六曜传入日本（14世纪）","14世纪传入；1688《头书长历》最早六名全记录","历注（非占卜）","旧历月+日之和÷6","—","—","—","—","历书择日注文","—","—","《头书长历》《大离书》等","日历网站","现行：大安/友引/先负/佛灭等"
"邵系翻版群","奇门小六壬、华山小六壬、玄灵小六壬、正一道家小六壬等","网络（几十家）","2011年后","多沿3宫","多沿月日时或数字","多沿道传","多沿道传","多沿道传","多沿转太极","多为改写","—","—","网络文章/课程","—","江春义统计；内容大同小异"
"江氏衍生（象数/仙家）","象数小六壬（阡陌林海）、仙家小六壬（小凤仙）","江氏学生自立","近年","6宫改造","沿江氏","—","—","沿江氏改造","沿江氏","偏理论化/灵异化","—","—","网络课程","—","出马仙方向另有'仙家马前课'"
"市场新型体系","太极小六壬、小六壬六宫四柱命盘法、六壬神盘化解术、一掌经小六壬等","各作者","近年","六宫+各自叠加","各自","—","各注","各注","各注","叠加八字/一掌经/符法","化解符法、命盘法","—","付费教材/视频","各工具","商品生态，购买需谨慎"
