"题材","江氏案例篇号","江氏用神","道传公开素材","道传断法要点","传统断辞/口诀线索","备注"
"婚姻","40,41","官鬼/对宫","婚期例（2011-04-05）","速喜为婚喜宫；婚期取数（4·5合数；年取关键位）","小吉：婚姻成就地；大安：婚姻合美","江氏含断离婚、相亲；两系均以宫象为先"
"感情","71,93","妻财/官鬼/对宫","子时女生感情例","留连主担忧、速喜热而速冷；克天宫之年为应期","速喜：感情热","道传看双方：天宫=对方、人宫=卦主"
"财运交易","42,43,52,53,54,55,84,107,117,118","妻财","货款应期例（速喜）","先断吉凶后取数字；钱财属金、火克金为得财；留连拖延","大安：求财有；赤口：求财不易","江氏案例最多的题材"
"工作事业","44,45,50,51,83,112","自身/官鬼","—","—","赤口：官非切宜防","江氏升职/面试以自身或官鬼为用神"
"学业考试","46,47,98","官鬼/父母","名次/分数取数例","明数/隐藏数切换（1→14/15；7→74/75）","—","考试名次取排位数，男女取4/5"
"合作","48,49","对宫","—","—","小吉：交关甚是强","对宫＝无特殊关系之人/合作方（江氏）"
"出行","63,113,114,119,120","父母/数字宫","快递应期例","大安取1·4·5；先验数字与起课再下断","小吉：路上好商量；大安：行人身未动","航班、自驾、爬山、换座等现代场景"
"寻物","62","父母","寻物例（盒中寻回）","地盘定方位；留连=阴暗处/空亡=盒子/速喜=红色","六宫各有失物口诀（玉匣记）","江氏案例为电脑丢失"
"健康","94,106,110","父母/自身","疾病两小例（头伤/呼吸）","六神+藏干定病位性质；近病久病分论","大安：病者主无妨；赤口：病者出西方","各系公认不可替代就医"
"官非","72,111","官鬼","—","—","赤口主口舌、官非切宜防","江氏含判刑/罚款之辨"
"房产家宅","108,116（＋阳宅例）","父母/妻财","—","—","大安：宅舍保安康","含租房、免费车位等现代场景"
"投资真假","67,100,102,103,105","妻财/对宫","—","—","—","含区块链骗局识别案例（教程67）"
"比赛娱乐","58,59","子孙","447应期例（非比赛用途）","先断吉凶后取数","—","含游戏输赢、技能比赛获奖"
"来意/一卦多断","501例书讯","—","心法歌诀：来人未问心取卦","三宫成象以来意；不问不转","—","江氏以'一卦多断'为特色"
