"材料","序号","键","宫位","首句","主题标注","全文位置"
"三寸金","1","正月","大安","正月大安性情直，见善尊奉遇恶耻，女命流连往夫志，三九起家运不迟","性格/女命运","《28》§2.2"
"三寸金","2","二月","留恋","二月留恋运不稳，做官总将桃色混，运低受触多穷困，重照需挪外乾坤","官运/桃花/运程","《28》§2.2"
"三寸金","3","三月","速喜","三月速喜闹东堂，七一九三两分张，子午破财合中伤，小人指背号无常","财/小人","《28》§2.2"
"三寸金","4","四月","赤口","四月赤口有桃情，七一九三必多井，若是二三福不清，姻缘早动冲马星","姻缘/桃花","《28》§2.2"
"三寸金","5","五月","小吉","五月小吉力多能，贵人上前去点灯，运见二七多调整，大安合局为上格","贵人/运程","《28》§2.2"
"三寸金","6","六月","空亡","六月空亡心聪颖，亲朋好友念善情，男子归身戴官翎，女子身弱念佛经","性格/男女命","《28》§2.2"
"三寸金","7","七月","大安","大安七月同父换，初年马星运渐宽，门出军匪少亡汉，四九方能将运缓","家世/运程","《28》§2.2"
"三寸金","8","八月","留恋","留恋八月共潮生，重连必见双井绳，信从军戎备官成，天命安排福自增","事业/福运","《28》§2.2"
"三寸金","9","九月","速喜","速喜九月官不和，双亲堂前多见克，暗有车马并刀戈，唯怕木命来过河","六亲/灾咎","《28》§2.2"
"三寸金","10","十月","赤口","十月赤口卧寒松，二八逢年运不通，男迎女送映桃红，牵手姻缘走西东","运程/姻缘","《28》§2.2"
"三寸金","11","冬月（十一月）","小吉","小吉冬月性情倔，克伐六亲有伤缺，脐带缠处斜痠雀，兄弟多来独寒月","性格/六亲","《28》§2.2"
"三寸金","12","腊月（十二月）","空亡","空亡腊月心刚强，自力更生挑家梁，争理好胜凭话讲，唯有婚姻大不祥","性格/婚姻","《28》§2.2"
"小透玄","1","日坐大安","大安","日坐大安心慈祥，速喜临时拜佛堂，先克老父有灾殃，就连岳父也说上；早见坎坷晚吉昌，遭克必定走他乡，时加空亡财路宽，唯犯小吉水漂洋","性格/六亲/财运","《28》§2.3"
"小透玄","2","日坐留恋","留恋","日坐留恋脚板宽，披霞落马走江川，心直口快不触官，惹犯小人闹不安；大安落位不一般，禄马学堂捧金碗，时临小吉相貌端，吉星贵人来把关；财地速喜靠嘴积……黑道空亡多见官","性格/小人/财","《28》§2.3"
"小透玄","3","日坐速喜","速喜","日坐速喜巧舌礼，月同婚姻主分离，若论兄弟皆同理，宴客交朋不满席；做事一气不到底……三月走到空亡地，克妻不死亦各异；速喜遭克守法纪，小人多嗔贵人喜","口才/婚姻/兄弟","《28》§2.3"
"小透玄","4","日坐白虎（赤口）","赤口","日坐白虎性情怪，临时本位口舌快，俊情对意敞心怀，语不达心头不抬；月日重照面多白，早运玉在土中埋，赤口逢克化以财，遇见大安父先载；若是征兵需挂帅……","性格/口舌/家世","《28》§2.3"
"小透玄","5","日坐小吉","小吉","日坐小吉人多情，留恋桃红泛水盈，身肩背痣做将领，娶妻嫁夫两口井；受克小吉福不清，学堂官章巧聪伶，六亲空亡冷如冰，孜身形影犯孤丁；大安临时情难断……","性格/婚姻/六亲","《28》§2.3"
"小透玄","6","日坐空亡","空亡","日坐空亡财禄重，时临大安慢排功，女命刚强性气宏，压夫不起运晚通，龙伤子息晚景空……空亡重照牢狱中，小吉似吉却土崩，时临赤口在梦中","财运/女命/灾咎","《28》§2.3"
