"编号","文件名","类型","来源站点","原始URL","获取日期","保存位置","备注"
"1","jcy_364.html","网页HTML（原始抓取）","jiangchunyi.com（江春义博客）","http://www.jiangchunyi.com/post/364.html","2026-10","01_原始资料/网页抓取/江春义博客",""
"2","jcy_cat.html","网页HTML（原始抓取）","jiangchunyi.com","（见归档页）","2026-10","01_原始资料/网页抓取/江春义博客","首页/分类/数据页"
"3","jcy_cat2.html","网页HTML（原始抓取）","jiangchunyi.com","（见归档页）","2026-10","01_原始资料/网页抓取/江春义博客","首页/分类/数据页"
"4","jcy_diff.html","网页HTML（原始抓取）","jiangchunyi.com","（见归档页）","2026-10","01_原始资料/网页抓取/江春义博客","首页/分类/数据页"
"5","jcy_home.html","网页HTML（原始抓取）","jiangchunyi.com","（见归档页）","2026-10","01_原始资料/网页抓取/江春义博客","首页/分类/数据页"
"6","jcy_myz1.html","网页HTML（原始抓取）","jiangchunyi.com","（见归档页）","2026-10","01_原始资料/网页抓取/江春义博客","首页/分类/数据页"
"7","jcy_myz2.html","网页HTML（原始抓取）","jiangchunyi.com","（见归档页）","2026-10","01_原始资料/网页抓取/江春义博客","首页/分类/数据页"
"8","jcy_post_365.html","网页HTML（原始抓取）","jiangchunyi.com（江春义博客）","http://www.jiangchunyi.com/post/365.html","2026-10","01_原始资料/网页抓取/江春义博客",""
"9","jcy_post_369.html","网页HTML（原始抓取）","jiangchunyi.com（江春义博客）","http://www.jiangchunyi.com/post/369.html","2026-10","01_原始资料/网页抓取/江春义博客",""
"10","jcy_post_372.html","网页HTML（原始抓取）","jiangchunyi.com（江春义博客）","http://www.jiangchunyi.com/post/372.html","2026-10","01_原始资料/网页抓取/江春义博客",""
"11","jcy_post_375.html","网页HTML（原始抓取）","jiangchunyi.com（江春义博客）","http://www.jiangchunyi.com/post/375.html","2026-10","01_原始资料/网页抓取/江春义博客",""
"12","jcy_post_377.html","网页HTML（原始抓取）","jiangchunyi.com（江春义博客）","http://www.jiangchunyi.com/post/377.html","2026-10","01_原始资料/网页抓取/江春义博客",""
"13","jcy_post_379.html","网页HTML（原始抓取）","jiangchunyi.com（江春义博客）","http://www.jiangchunyi.com/post/379.html","2026-10","01_原始资料/网页抓取/江春义博客",""
"14","jcy_post_381.html","网页HTML（原始抓取）","jiangchunyi.com（江春义博客）","http://www.jiangchunyi.com/post/381.html","2026-10","01_原始资料/网页抓取/江春义博客",""
"15","jcy_post_382.html","网页HTML（原始抓取）","jiangchunyi.com（江春义博客）","http://www.jiangchunyi.com/post/382.html","2026-10","01_原始资料/网页抓取/江春义博客",""
"16","jcy_post_383.html","网页HTML（原始抓取）","jiangchunyi.com（江春义博客）","http://www.jiangchunyi.com/post/383.html","2026-10","01_原始资料/网页抓取/江春义博客",""
"17","jcy_post_384.html","网页HTML（原始抓取）","jiangchunyi.com（江春义博客）","http://www.jiangchunyi.com/post/384.html","2026-10","01_原始资料/网页抓取/江春义博客",""
"18","jyj_post_100.html","网页HTML（原始抓取）","jiangyangjun.com（江阳君学社）","https://www.jiangyangjun.com/post/100.html","2026-10","01_原始资料/网页抓取/江阳君学社","小六壬教程系列页"
"19","jyj_post_101.html","网页HTML（原始抓取）","jiangyangjun.com（江阳君学社）","https://www.jiangyangjun.com/post/101.html","2026-10","01_原始资料/网页抓取/江阳君学社","小六壬教程系列页"
"20","jyj_post_102.html","网页HTML（原始抓取）","jiangyangjun.com（江阳君学社）","https://www.jiangyangjun.com/post/102.html","2026-10","01_原始资料/网页抓取/江阳君学社","小六壬教程系列页"
"21","jyj_post_103.html","网页HTML（原始抓取）","jiangyangjun.com（江阳君学社）","https://www.jiangyangjun.com/post/103.html","2026-10","01_原始资料/网页抓取/江阳君学社","小六壬教程系列页"
"22","jyj_post_104.html","网页HTML（原始抓取）","jiangyangjun.com（江阳君学社）","https://www.jiangyangjun.com/post/104.html","2026-10","01_原始资料/网页抓取/江阳君学社","小六壬教程系列页"
"23","jyj_post_105.html","网页HTML（原始抓取）","jiangyangjun.com（江阳君学社）","https://www.jiangyangjun.com/post/105.html","2026-10","01_原始资料/网页抓取/江阳君学社","小六壬教程系列页"
"24","jyj_post_106.html","网页HTML（原始抓取）","jiangyangjun.com（江阳君学社）","https://www.jiangyangjun.com/post/106.html","2026-10","01_原始资料/网页抓取/江阳君学社","小六壬教程系列页"
"25","jyj_post_107.html","网页HTML（原始抓取）","jiangyangjun.com（江阳君学社）","https://www.jiangyangjun.com/post/107.html","2026-10","01_原始资料/网页抓取/江阳君学社","小六壬教程系列页"
"26","jyj_post_108.html","网页HTML（原始抓取）","jiangyangjun.com（江阳君学社）","https://www.jiangyangjun.com/post/108.html","2026-10","01_原始资料/网页抓取/江阳君学社","小六壬教程系列页"
"27","jyj_post_109.html","网页HTML（原始抓取）","jiangyangjun.com（江阳君学社）","https://www.jiangyangjun.com/post/109.html","2026-10","01_原始资料/网页抓取/江阳君学社","小六壬教程系列页"
"28","jyj_post_110.html","网页HTML（原始抓取）","jiangyangjun.com（江阳君学社）","https://www.jiangyangjun.com/post/110.html","2026-10","01_原始资料/网页抓取/江阳君学社","小六壬教程系列页"
"29","jyj_post_111.html","网页HTML（原始抓取）","jiangyangjun.com（江阳君学社）","https://www.jiangyangjun.com/post/111.html","2026-10","01_原始资料/网页抓取/江阳君学社","小六壬教程系列页"
"30","jyj_post_112.html","网页HTML（原始抓取）","jiangyangjun.com（江阳君学社）","https://www.jiangyangjun.com/post/112.html","2026-10","01_原始资料/网页抓取/江阳君学社","小六壬教程系列页"
"31","jyj_post_113.html","网页HTML（原始抓取）","jiangyangjun.com（江阳君学社）","https://www.jiangyangjun.com/post/113.html","2026-10","01_原始资料/网页抓取/江阳君学社","小六壬教程系列页"
"32","jyj_post_114.html","网页HTML（原始抓取）","jiangyangjun.com（江阳君学社）","https://www.jiangyangjun.com/post/114.html","2026-10","01_原始资料/网页抓取/江阳君学社","小六壬教程系列页"
"33","jyj_post_115.html","网页HTML（原始抓取）","jiangyangjun.com（江阳君学社）","https://www.jiangyangjun.com/post/115.html","2026-10","01_原始资料/网页抓取/江阳君学社","小六壬教程系列页"
"34","jyj_post_116.html","网页HTML（原始抓取）","jiangyangjun.com（江阳君学社）","https://www.jiangyangjun.com/post/116.html","2026-10","01_原始资料/网页抓取/江阳君学社","小六壬教程系列页"
"35","jyj_post_117.html","网页HTML（原始抓取）","jiangyangjun.com（江阳君学社）","https://www.jiangyangjun.com/post/117.html","2026-10","01_原始资料/网页抓取/江阳君学社","小六壬教程系列页"
"36","jyj_post_118.html","网页HTML（原始抓取）","jiangyangjun.com（江阳君学社）","https://www.jiangyangjun.com/post/118.html","2026-10","01_原始资料/网页抓取/江阳君学社","小六壬教程系列页"
"37","jyj_post_119.html","网页HTML（原始抓取）","jiangyangjun.com（江阳君学社）","https://www.jiangyangjun.com/post/119.html","2026-10","01_原始资料/网页抓取/江阳君学社","小六壬教程系列页"
"38","jyj_post_120.html","网页HTML（原始抓取）","jiangyangjun.com（江阳君学社）","https://www.jiangyangjun.com/post/120.html","2026-10","01_原始资料/网页抓取/江阳君学社","小六壬教程系列页"
"39","jyj_post_121.html","网页HTML（原始抓取）","jiangyangjun.com（江阳君学社）","https://www.jiangyangjun.com/post/121.html","2026-10","01_原始资料/网页抓取/江阳君学社","小六壬教程系列页"
"40","jyj_post_122.html","网页HTML（原始抓取）","jiangyangjun.com（江阳君学社）","https://www.jiangyangjun.com/post/122.html","2026-10","01_原始资料/网页抓取/江阳君学社","小六壬教程系列页"
"41","jyj_post_123.html","网页HTML（原始抓取）","jiangyangjun.com（江阳君学社）","https://www.jiangyangjun.com/post/123.html","2026-10","01_原始资料/网页抓取/江阳君学社","小六壬教程系列页"
"42","jyj_post_124.html","网页HTML（原始抓取）","jiangyangjun.com（江阳君学社）","https://www.jiangyangjun.com/post/124.html","2026-10","01_原始资料/网页抓取/江阳君学社","小六壬教程系列页"
"43","jyj_post_125.html","网页HTML（原始抓取）","jiangyangjun.com（江阳君学社）","https://www.jiangyangjun.com/post/125.html","2026-10","01_原始资料/网页抓取/江阳君学社","小六壬教程系列页"
"44","jyj_post_126.html","网页HTML（原始抓取）","jiangyangjun.com（江阳君学社）","https://www.jiangyangjun.com/post/126.html","2026-10","01_原始资料/网页抓取/江阳君学社","小六壬教程系列页"
"45","jyj_post_127.html","网页HTML（原始抓取）","jiangyangjun.com（江阳君学社）","https://www.jiangyangjun.com/post/127.html","2026-10","01_原始资料/网页抓取/江阳君学社","小六壬教程系列页"
"46","jyj_post_128.html","网页HTML（原始抓取）","jiangyangjun.com（江阳君学社）","https://www.jiangyangjun.com/post/128.html","2026-10","01_原始资料/网页抓取/江阳君学社","小六壬教程系列页"
"47","jyj_post_129.html","网页HTML（原始抓取）","jiangyangjun.com（江阳君学社）","https://www.jiangyangjun.com/post/129.html","2026-10","01_原始资料/网页抓取/江阳君学社","小六壬教程系列页"
"48","jyj_post_130.html","网页HTML（原始抓取）","jiangyangjun.com（江阳君学社）","https://www.jiangyangjun.com/post/130.html","2026-10","01_原始资料/网页抓取/江阳君学社","小六壬教程系列页"
"49","jyj_post_131.html","网页HTML（原始抓取）","jiangyangjun.com（江阳君学社）","https://www.jiangyangjun.com/post/131.html","2026-10","01_原始资料/网页抓取/江阳君学社","小六壬教程系列页"
"50","jyj_post_132.html","网页HTML（原始抓取）","jiangyangjun.com（江阳君学社）","https://www.jiangyangjun.com/post/132.html","2026-10","01_原始资料/网页抓取/江阳君学社","小六壬教程系列页"
"51","jyj_post_133.html","网页HTML（原始抓取）","jiangyangjun.com（江阳君学社）","https://www.jiangyangjun.com/post/133.html","2026-10","01_原始资料/网页抓取/江阳君学社","小六壬教程系列页"
"52","jyj_post_134.html","网页HTML（原始抓取）","jiangyangjun.com（江阳君学社）","https://www.jiangyangjun.com/post/134.html","2026-10","01_原始资料/网页抓取/江阳君学社","小六壬教程系列页"
"53","jyj_post_135.html","网页HTML（原始抓取）","jiangyangjun.com（江阳君学社）","https://www.jiangyangjun.com/post/135.html","2026-10","01_原始资料/网页抓取/江阳君学社","小六壬教程系列页"
"54","jyj_post_136.html","网页HTML（原始抓取）","jiangyangjun.com（江阳君学社）","https://www.jiangyangjun.com/post/136.html","2026-10","01_原始资料/网页抓取/江阳君学社","小六壬教程系列页"
"55","jyj_post_137.html","网页HTML（原始抓取）","jiangyangjun.com（江阳君学社）","https://www.jiangyangjun.com/post/137.html","2026-10","01_原始资料/网页抓取/江阳君学社","小六壬教程系列页"
"56","jyj_post_138.html","网页HTML（原始抓取）","jiangyangjun.com（江阳君学社）","https://www.jiangyangjun.com/post/138.html","2026-10","01_原始资料/网页抓取/江阳君学社","小六壬教程系列页"
"57","jyj_post_139.html","网页HTML（原始抓取）","jiangyangjun.com（江阳君学社）","https://www.jiangyangjun.com/post/139.html","2026-10","01_原始资料/网页抓取/江阳君学社","小六壬教程系列页"
"58","jyj_post_140.html","网页HTML（原始抓取）","jiangyangjun.com（江阳君学社）","https://www.jiangyangjun.com/post/140.html","2026-10","01_原始资料/网页抓取/江阳君学社","小六壬教程系列页"
"59","jyj_post_141.html","网页HTML（原始抓取）","jiangyangjun.com（江阳君学社）","https://www.jiangyangjun.com/post/141.html","2026-10","01_原始资料/网页抓取/江阳君学社","小六壬教程系列页"
"60","jyj_post_142.html","网页HTML（原始抓取）","jiangyangjun.com（江阳君学社）","https://www.jiangyangjun.com/post/142.html","2026-10","01_原始资料/网页抓取/江阳君学社","小六壬教程系列页"
"61","jyj_post_143.html","网页HTML（原始抓取）","jiangyangjun.com（江阳君学社）","https://www.jiangyangjun.com/post/143.html","2026-10","01_原始资料/网页抓取/江阳君学社","小六壬教程系列页"
"62","jyj_post_144.html","网页HTML（原始抓取）","jiangyangjun.com（江阳君学社）","https://www.jiangyangjun.com/post/144.html","2026-10","01_原始资料/网页抓取/江阳君学社","小六壬教程系列页"
"63","jyj_post_145.html","网页HTML（原始抓取）","jiangyangjun.com（江阳君学社）","https://www.jiangyangjun.com/post/145.html","2026-10","01_原始资料/网页抓取/江阳君学社","小六壬教程系列页"
"64","jyj_post_146.html","网页HTML（原始抓取）","jiangyangjun.com（江阳君学社）","https://www.jiangyangjun.com/post/146.html","2026-10","01_原始资料/网页抓取/江阳君学社","小六壬教程系列页"
"65","jyj_post_147.html","网页HTML（原始抓取）","jiangyangjun.com（江阳君学社）","https://www.jiangyangjun.com/post/147.html","2026-10","01_原始资料/网页抓取/江阳君学社","小六壬教程系列页"
"66","jyj_post_148.html","网页HTML（原始抓取）","jiangyangjun.com（江阳君学社）","https://www.jiangyangjun.com/post/148.html","2026-10","01_原始资料/网页抓取/江阳君学社","小六壬教程系列页"
"67","jyj_post_149.html","网页HTML（原始抓取）","jiangyangjun.com（江阳君学社）","https://www.jiangyangjun.com/post/149.html","2026-10","01_原始资料/网页抓取/江阳君学社","小六壬教程系列页"
"68","jyj_post_150.html","网页HTML（原始抓取）","jiangyangjun.com（江阳君学社）","https://www.jiangyangjun.com/post/150.html","2026-10","01_原始资料/网页抓取/江阳君学社","小六壬教程系列页"
"69","jyj_post_151.html","网页HTML（原始抓取）","jiangyangjun.com（江阳君学社）","https://www.jiangyangjun.com/post/151.html","2026-10","01_原始资料/网页抓取/江阳君学社","小六壬教程系列页"
"70","jyj_post_152.html","网页HTML（原始抓取）","jiangyangjun.com（江阳君学社）","https://www.jiangyangjun.com/post/152.html","2026-10","01_原始资料/网页抓取/江阳君学社","小六壬教程系列页"
"71","jyj_post_153.html","网页HTML（原始抓取）","jiangyangjun.com（江阳君学社）","https://www.jiangyangjun.com/post/153.html","2026-10","01_原始资料/网页抓取/江阳君学社","小六壬教程系列页"
"72","jyj_post_154.html","网页HTML（原始抓取）","jiangyangjun.com（江阳君学社）","https://www.jiangyangjun.com/post/154.html","2026-10","01_原始资料/网页抓取/江阳君学社","小六壬教程系列页"
"73","jyj_post_155.html","网页HTML（原始抓取）","jiangyangjun.com（江阳君学社）","https://www.jiangyangjun.com/post/155.html","2026-10","01_原始资料/网页抓取/江阳君学社","小六壬教程系列页"
"74","jyj_post_156.html","网页HTML（原始抓取）","jiangyangjun.com（江阳君学社）","https://www.jiangyangjun.com/post/156.html","2026-10","01_原始资料/网页抓取/江阳君学社","小六壬教程系列页"
"75","jyj_post_157.html","网页HTML（原始抓取）","jiangyangjun.com（江阳君学社）","https://www.jiangyangjun.com/post/157.html","2026-10","01_原始资料/网页抓取/江阳君学社","小六壬教程系列页"
"76","jyj_post_158.html","网页HTML（原始抓取）","jiangyangjun.com（江阳君学社）","https://www.jiangyangjun.com/post/158.html","2026-10","01_原始资料/网页抓取/江阳君学社","小六壬教程系列页"
"77","jyj_post_159.html","网页HTML（原始抓取）","jiangyangjun.com（江阳君学社）","https://www.jiangyangjun.com/post/159.html","2026-10","01_原始资料/网页抓取/江阳君学社","小六壬教程系列页"
"78","jyj_post_160.html","网页HTML（原始抓取）","jiangyangjun.com（江阳君学社）","https://www.jiangyangjun.com/post/160.html","2026-10","01_原始资料/网页抓取/江阳君学社","小六壬教程系列页"
"79","jyj_post_161.html","网页HTML（原始抓取）","jiangyangjun.com（江阳君学社）","https://www.jiangyangjun.com/post/161.html","2026-10","01_原始资料/网页抓取/江阳君学社","小六壬教程系列页"
"80","jyj_post_162.html","网页HTML（原始抓取）","jiangyangjun.com（江阳君学社）","https://www.jiangyangjun.com/post/162.html","2026-10","01_原始资料/网页抓取/江阳君学社","小六壬教程系列页"
"81","jyj_post_163.html","网页HTML（原始抓取）","jiangyangjun.com（江阳君学社）","https://www.jiangyangjun.com/post/163.html","2026-10","01_原始资料/网页抓取/江阳君学社","小六壬教程系列页"
"82","jyj_post_164.html","网页HTML（原始抓取）","jiangyangjun.com（江阳君学社）","https://www.jiangyangjun.com/post/164.html","2026-10","01_原始资料/网页抓取/江阳君学社","小六壬教程系列页"
"83","jyj_post_165.html","网页HTML（原始抓取）","jiangyangjun.com（江阳君学社）","https://www.jiangyangjun.com/post/165.html","2026-10","01_原始资料/网页抓取/江阳君学社","小六壬教程系列页"
"84","jyj_post_166.html","网页HTML（原始抓取）","jiangyangjun.com（江阳君学社）","https://www.jiangyangjun.com/post/166.html","2026-10","01_原始资料/网页抓取/江阳君学社","小六壬教程系列页"
"85","jyj_post_167.html","网页HTML（原始抓取）","jiangyangjun.com（江阳君学社）","https://www.jiangyangjun.com/post/167.html","2026-10","01_原始资料/网页抓取/江阳君学社","小六壬教程系列页"
"86","jyj_post_168.html","网页HTML（原始抓取）","jiangyangjun.com（江阳君学社）","https://www.jiangyangjun.com/post/168.html","2026-10","01_原始资料/网页抓取/江阳君学社","小六壬教程系列页"
"87","jyj_post_169.html","网页HTML（原始抓取）","jiangyangjun.com（江阳君学社）","https://www.jiangyangjun.com/post/169.html","2026-10","01_原始资料/网页抓取/江阳君学社","小六壬教程系列页"
"88","jyj_post_170.html","网页HTML（原始抓取）","jiangyangjun.com（江阳君学社）","https://www.jiangyangjun.com/post/170.html","2026-10","01_原始资料/网页抓取/江阳君学社","小六壬教程系列页"
"89","jyj_post_171.html","网页HTML（原始抓取）","jiangyangjun.com（江阳君学社）","https://www.jiangyangjun.com/post/171.html","2026-10","01_原始资料/网页抓取/江阳君学社","小六壬教程系列页"
"90","jyj_post_172.html","网页HTML（原始抓取）","jiangyangjun.com（江阳君学社）","https://www.jiangyangjun.com/post/172.html","2026-10","01_原始资料/网页抓取/江阳君学社","小六壬教程系列页"
"91","jyj_post_173.html","网页HTML（原始抓取）","jiangyangjun.com（江阳君学社）","https://www.jiangyangjun.com/post/173.html","2026-10","01_原始资料/网页抓取/江阳君学社","小六壬教程系列页"
"92","jyj_post_174.html","网页HTML（原始抓取）","jiangyangjun.com（江阳君学社）","https://www.jiangyangjun.com/post/174.html","2026-10","01_原始资料/网页抓取/江阳君学社","小六壬教程系列页"
"93","jyj_post_175.html","网页HTML（原始抓取）","jiangyangjun.com（江阳君学社）","https://www.jiangyangjun.com/post/175.html","2026-10","01_原始资料/网页抓取/江阳君学社","小六壬教程系列页"
"94","jyj_post_176.html","网页HTML（原始抓取）","jiangyangjun.com（江阳君学社）","https://www.jiangyangjun.com/post/176.html","2026-10","01_原始资料/网页抓取/江阳君学社","小六壬教程系列页"
"95","jyj_post_177.html","网页HTML（原始抓取）","jiangyangjun.com（江阳君学社）","https://www.jiangyangjun.com/post/177.html","2026-10","01_原始资料/网页抓取/江阳君学社","小六壬教程系列页"
"96","jyj_post_178.html","网页HTML（原始抓取）","jiangyangjun.com（江阳君学社）","https://www.jiangyangjun.com/post/178.html","2026-10","01_原始资料/网页抓取/江阳君学社","小六壬教程系列页"
"97","jyj_post_179.html","网页HTML（原始抓取）","jiangyangjun.com（江阳君学社）","https://www.jiangyangjun.com/post/179.html","2026-10","01_原始资料/网页抓取/江阳君学社","小六壬教程系列页"
"98","jyj_post_180.html","网页HTML（原始抓取）","jiangyangjun.com（江阳君学社）","https://www.jiangyangjun.com/post/180.html","2026-10","01_原始资料/网页抓取/江阳君学社","小六壬教程系列页"
"99","jyj_post_181.html","网页HTML（原始抓取）","jiangyangjun.com（江阳君学社）","https://www.jiangyangjun.com/post/181.html","2026-10","01_原始资料/网页抓取/江阳君学社","小六壬教程系列页"
"100","jyj_post_182.html","网页HTML（原始抓取）","jiangyangjun.com（江阳君学社）","https://www.jiangyangjun.com/post/182.html","2026-10","01_原始资料/网页抓取/江阳君学社","小六壬教程系列页"
"101","jyj_post_183.html","网页HTML（原始抓取）","jiangyangjun.com（江阳君学社）","https://www.jiangyangjun.com/post/183.html","2026-10","01_原始资料/网页抓取/江阳君学社","小六壬教程系列页"
"102","jyj_post_184.html","网页HTML（原始抓取）","jiangyangjun.com（江阳君学社）","https://www.jiangyangjun.com/post/184.html","2026-10","01_原始资料/网页抓取/江阳君学社","小六壬教程系列页"
"103","jyj_post_185.html","网页HTML（原始抓取）","jiangyangjun.com（江阳君学社）","https://www.jiangyangjun.com/post/185.html","2026-10","01_原始资料/网页抓取/江阳君学社","小六壬教程系列页"
"104","jyj_post_186.html","网页HTML（原始抓取）","jiangyangjun.com（江阳君学社）","https://www.jiangyangjun.com/post/186.html","2026-10","01_原始资料/网页抓取/江阳君学社","小六壬教程系列页"
"105","jyj_post_187.html","网页HTML（原始抓取）","jiangyangjun.com（江阳君学社）","https://www.jiangyangjun.com/post/187.html","2026-10","01_原始资料/网页抓取/江阳君学社","小六壬教程系列页"
"106","jyj_post_188.html","网页HTML（原始抓取）","jiangyangjun.com（江阳君学社）","https://www.jiangyangjun.com/post/188.html","2026-10","01_原始资料/网页抓取/江阳君学社","小六壬教程系列页"
"107","jyj_post_189.html","网页HTML（原始抓取）","jiangyangjun.com（江阳君学社）","https://www.jiangyangjun.com/post/189.html","2026-10","01_原始资料/网页抓取/江阳君学社","小六壬教程系列页"
"108","jyj_post_190.html","网页HTML（原始抓取）","jiangyangjun.com（江阳君学社）","https://www.jiangyangjun.com/post/190.html","2026-10","01_原始资料/网页抓取/江阳君学社","小六壬教程系列页"
"109","jyj_post_191.html","网页HTML（原始抓取）","jiangyangjun.com（江阳君学社）","https://www.jiangyangjun.com/post/191.html","2026-10","01_原始资料/网页抓取/江阳君学社","小六壬教程系列页"
"110","jyj_post_192.html","网页HTML（原始抓取）","jiangyangjun.com（江阳君学社）","https://www.jiangyangjun.com/post/192.html","2026-10","01_原始资料/网页抓取/江阳君学社","小六壬教程系列页"
"111","jyj_post_193.html","网页HTML（原始抓取）","jiangyangjun.com（江阳君学社）","https://www.jiangyangjun.com/post/193.html","2026-10","01_原始资料/网页抓取/江阳君学社","小六壬教程系列页"
"112","jyj_post_194.html","网页HTML（原始抓取）","jiangyangjun.com（江阳君学社）","https://www.jiangyangjun.com/post/194.html","2026-10","01_原始资料/网页抓取/江阳君学社","小六壬教程系列页"
"113","jyj_post_195.html","网页HTML（原始抓取）","jiangyangjun.com（江阳君学社）","https://www.jiangyangjun.com/post/195.html","2026-10","01_原始资料/网页抓取/江阳君学社","小六壬教程系列页"
"114","jyj_post_196.html","网页HTML（原始抓取）","jiangyangjun.com（江阳君学社）","https://www.jiangyangjun.com/post/196.html","2026-10","01_原始资料/网页抓取/江阳君学社","小六壬教程系列页"
"115","jyj_post_197.html","网页HTML（原始抓取）","jiangyangjun.com（江阳君学社）","https://www.jiangyangjun.com/post/197.html","2026-10","01_原始资料/网页抓取/江阳君学社","小六壬教程系列页"
"116","jyj_post_198.html","网页HTML（原始抓取）","jiangyangjun.com（江阳君学社）","https://www.jiangyangjun.com/post/198.html","2026-10","01_原始资料/网页抓取/江阳君学社","小六壬教程系列页"
"117","jyj_post_199.html","网页HTML（原始抓取）","jiangyangjun.com（江阳君学社）","https://www.jiangyangjun.com/post/199.html","2026-10","01_原始资料/网页抓取/江阳君学社","小六壬教程系列页"
"118","jyj_post_200.html","网页HTML（原始抓取）","jiangyangjun.com（江阳君学社）","https://www.jiangyangjun.com/post/200.html","2026-10","01_原始资料/网页抓取/江阳君学社","小六壬教程系列页"
"119","jyj_post_201.html","网页HTML（原始抓取）","jiangyangjun.com（江阳君学社）","https://www.jiangyangjun.com/post/201.html","2026-10","01_原始资料/网页抓取/江阳君学社","小六壬教程系列页"
"120","jyj_post_202.html","网页HTML（原始抓取）","jiangyangjun.com（江阳君学社）","https://www.jiangyangjun.com/post/202.html","2026-10","01_原始资料/网页抓取/江阳君学社","小六壬教程系列页"
"121","jyj_post_203.html","网页HTML（原始抓取）","jiangyangjun.com（江阳君学社）","https://www.jiangyangjun.com/post/203.html","2026-10","01_原始资料/网页抓取/江阳君学社","小六壬教程系列页"
"122","jyj_post_204.html","网页HTML（原始抓取）","jiangyangjun.com（江阳君学社）","https://www.jiangyangjun.com/post/204.html","2026-10","01_原始资料/网页抓取/江阳君学社","小六壬教程系列页"
"123","jyj_post_205.html","网页HTML（原始抓取）","jiangyangjun.com（江阳君学社）","https://www.jiangyangjun.com/post/205.html","2026-10","01_原始资料/网页抓取/江阳君学社","小六壬教程系列页"
"124","jyj_post_76.html","网页HTML（原始抓取）","jiangyangjun.com（江阳君学社）","https://www.jiangyangjun.com/post/76.html","2026-10","01_原始资料/网页抓取/江阳君学社","小六壬教程系列页"
"125","jyj_post_77.html","网页HTML（原始抓取）","jiangyangjun.com（江阳君学社）","https://www.jiangyangjun.com/post/77.html","2026-10","01_原始资料/网页抓取/江阳君学社","小六壬教程系列页"
"126","jyj_post_78.html","网页HTML（原始抓取）","jiangyangjun.com（江阳君学社）","https://www.jiangyangjun.com/post/78.html","2026-10","01_原始资料/网页抓取/江阳君学社","小六壬教程系列页"
"127","jyj_post_79.html","网页HTML（原始抓取）","jiangyangjun.com（江阳君学社）","https://www.jiangyangjun.com/post/79.html","2026-10","01_原始资料/网页抓取/江阳君学社","小六壬教程系列页"
"128","jyj_post_80.html","网页HTML（原始抓取）","jiangyangjun.com（江阳君学社）","https://www.jiangyangjun.com/post/80.html","2026-10","01_原始资料/网页抓取/江阳君学社","小六壬教程系列页"
"129","jyj_post_81.html","网页HTML（原始抓取）","jiangyangjun.com（江阳君学社）","https://www.jiangyangjun.com/post/81.html","2026-10","01_原始资料/网页抓取/江阳君学社","小六壬教程系列页"
"130","jyj_post_82.html","网页HTML（原始抓取）","jiangyangjun.com（江阳君学社）","https://www.jiangyangjun.com/post/82.html","2026-10","01_原始资料/网页抓取/江阳君学社","小六壬教程系列页"
"131","jyj_post_83.html","网页HTML（原始抓取）","jiangyangjun.com（江阳君学社）","https://www.jiangyangjun.com/post/83.html","2026-10","01_原始资料/网页抓取/江阳君学社","小六壬教程系列页"
"132","jyj_post_84.html","网页HTML（原始抓取）","jiangyangjun.com（江阳君学社）","https://www.jiangyangjun.com/post/84.html","2026-10","01_原始资料/网页抓取/江阳君学社","小六壬教程系列页"
"133","jyj_post_85.html","网页HTML（原始抓取）","jiangyangjun.com（江阳君学社）","https://www.jiangyangjun.com/post/85.html","2026-10","01_原始资料/网页抓取/江阳君学社","小六壬教程系列页"
"134","jyj_post_86.html","网页HTML（原始抓取）","jiangyangjun.com（江阳君学社）","https://www.jiangyangjun.com/post/86.html","2026-10","01_原始资料/网页抓取/江阳君学社","小六壬教程系列页"
"135","jyj_post_87.html","网页HTML（原始抓取）","jiangyangjun.com（江阳君学社）","https://www.jiangyangjun.com/post/87.html","2026-10","01_原始资料/网页抓取/江阳君学社","小六壬教程系列页"
"136","jyj_post_88.html","网页HTML（原始抓取）","jiangyangjun.com（江阳君学社）","https://www.jiangyangjun.com/post/88.html","2026-10","01_原始资料/网页抓取/江阳君学社","小六壬教程系列页"
"137","jyj_post_89.html","网页HTML（原始抓取）","jiangyangjun.com（江阳君学社）","https://www.jiangyangjun.com/post/89.html","2026-10","01_原始资料/网页抓取/江阳君学社","小六壬教程系列页"
"138","jyj_post_90.html","网页HTML（原始抓取）","jiangyangjun.com（江阳君学社）","https://www.jiangyangjun.com/post/90.html","2026-10","01_原始资料/网页抓取/江阳君学社","小六壬教程系列页"
"139","jyj_post_91.html","网页HTML（原始抓取）","jiangyangjun.com（江阳君学社）","https://www.jiangyangjun.com/post/91.html","2026-10","01_原始资料/网页抓取/江阳君学社","小六壬教程系列页"
"140","jyj_post_92.html","网页HTML（原始抓取）","jiangyangjun.com（江阳君学社）","https://www.jiangyangjun.com/post/92.html","2026-10","01_原始资料/网页抓取/江阳君学社","小六壬教程系列页"
"141","jyj_post_93.html","网页HTML（原始抓取）","jiangyangjun.com（江阳君学社）","https://www.jiangyangjun.com/post/93.html","2026-10","01_原始资料/网页抓取/江阳君学社","小六壬教程系列页"
"142","jyj_post_94.html","网页HTML（原始抓取）","jiangyangjun.com（江阳君学社）","https://www.jiangyangjun.com/post/94.html","2026-10","01_原始资料/网页抓取/江阳君学社","小六壬教程系列页"
"143","jyj_post_95.html","网页HTML（原始抓取）","jiangyangjun.com（江阳君学社）","https://www.jiangyangjun.com/post/95.html","2026-10","01_原始资料/网页抓取/江阳君学社","小六壬教程系列页"
"144","jyj_post_96.html","网页HTML（原始抓取）","jiangyangjun.com（江阳君学社）","https://www.jiangyangjun.com/post/96.html","2026-10","01_原始资料/网页抓取/江阳君学社","小六壬教程系列页"
"145","jyj_post_97.html","网页HTML（原始抓取）","jiangyangjun.com（江阳君学社）","https://www.jiangyangjun.com/post/97.html","2026-10","01_原始资料/网页抓取/江阳君学社","小六壬教程系列页"
"146","jyj_post_98.html","网页HTML（原始抓取）","jiangyangjun.com（江阳君学社）","https://www.jiangyangjun.com/post/98.html","2026-10","01_原始资料/网页抓取/江阳君学社","小六壬教程系列页"
"147","jyj_post_99.html","网页HTML（原始抓取）","jiangyangjun.com（江阳君学社）","https://www.jiangyangjun.com/post/99.html","2026-10","01_原始资料/网页抓取/江阳君学社","小六壬教程系列页"
"148","道家小六壬-理论基础-网络传播件.pdf","PDF（网络传播件）","GitHub raw（Auroraol/-divination）","https://github.com/Auroraol/-divination","2026-10","01_原始资料/文档与扫描","59页；来源与内容见知识包《21》《附录》"
"149","居家必用事类全集-第3册-国图扫描.pdf","PDF（古籍扫描）","维基共享资源（NLC892系列）","https://upload.wikimedia.org/wikipedia/commons/","2026-10","01_原始资料/文档与扫描","国家图书馆藏本"
"150","头书长历1688-早稻田藏本-全68页","图片集（68张jpg）","早稻田大学图书馆数字档","https://archive.wul.waseda.ac.jp/kosho/bunko31/bunko31_e1341/","2026-10","01_原始资料/文档与扫描","1688年刊本逐页图像"